date,weight,bodyFat
2012-06-08T06:52:34Z,73.5,26.6
2012-06-09T10:18:30Z,73.7,27.4
2012-06-10T00:55:13Z,74.1,25.5
2012-06-10T11:22:05Z,73.2,27.8
2012-06-11T06:41:54Z,73.9,25.5
2012-06-11T20:30:59Z,75.3,30
2012-06-11T20:31:20Z,75.3,25.5
2012-06-12T06:51:47Z,74.2,25.9
2012-06-13T06:34:40Z,74.1,26.5
2012-06-13T20:00:06Z,75.3,22.9
2012-06-14T06:35:53Z,74.1,27.3
2012-06-14T20:50:31Z,75,23.2
2012-06-15T07:10:12Z,73.8,25.9
2012-06-15T20:05:34Z,73.8,21.6
2012-06-16T07:34:39Z,74,27.9
2012-06-18T06:37:17Z,73.9,27.1
2012-06-18T17:46:15Z,74.9,24.6
2012-06-19T06:36:26Z,74.5,25.3
2012-06-19T19:57:51Z,75.4,21.3
2012-06-20T06:41:25Z,74.1,26
2012-06-20T19:11:10Z,74,20.2
2012-06-21T06:38:25Z,74.1,26.1
2012-06-21T20:00:23Z,75,22.3
2012-06-22T06:44:20Z,74.3,26.1
2012-06-23T11:36:25Z,73.3,24.6
2012-06-24T10:53:22Z,74,26.5
2012-06-24T20:56:01Z,75.1,24.7
2012-06-25T06:33:59Z,74.2,26.8
2012-06-25T20:04:54Z,75.1,23.8
2012-06-26T06:46:24Z,74.2,26.5
2012-06-27T06:44:30Z,73.6,26.7
2012-06-27T21:21:57Z,74.7,23.1
2012-06-28T06:48:02Z,73.9,26.8
2012-06-28T20:12:17Z,74.5,23.5
2012-06-29T06:32:50Z,73.5,27.2
2012-06-30T19:58:05Z,72.7,22.3
2012-07-01T16:17:50Z,73.1,21.1
2012-07-02T06:43:38Z,74.2,25.7
2012-07-02T22:58:53Z,74.9,22.3
2012-07-03T06:48:34Z,74.1,25.2
2012-07-04T06:49:18Z,73.5,26.4
2012-07-05T06:47:46Z,73.2,26.6
2012-07-06T06:39:14Z,73.5,26.9
2012-07-08T10:37:24Z,73.5,26.2
2012-07-09T06:46:36Z,73.4,27.3
2012-07-09T20:06:06Z,74.5,23
2012-07-10T06:47:46Z,73.3,25.9
2012-07-10T20:15:24Z,74.7,22
2012-07-12T06:56:04Z,74.1,24.7
2012-07-13T06:41:39Z,74.4,25.5
2012-07-15T11:03:42Z,73.6,27.2
2012-07-16T10:06:51Z,75.3,25.8
2012-07-18T07:03:30Z,73.9,25.3
2012-07-19T06:50:29Z,73.5,26.7
2012-07-20T06:48:19Z,73.6,26.1
2012-07-22T09:03:45Z,73.1,26.9
2012-07-23T06:06:09Z,73.7,26
2012-07-24T06:12:05Z,74.1,25.5
2012-07-25T09:08:18Z,73.5,24.6
2012-07-26T07:43:58Z,73.8,23.9
2012-07-27T06:41:04Z,73.4,26.4
2012-07-28T08:00:47Z,72.5,26.4
2012-07-29T08:44:47Z,73.2,27.3
2012-07-30T07:00:41Z,73.8,25.5
2012-07-31T06:15:19Z,73.8,24.8
2012-08-01T06:23:21Z,73.8,25.8
2012-08-02T06:55:40Z,73.6,22.8
2012-08-03T06:18:10Z,73.4,26.7
2012-08-04T07:17:44Z,73.5,25.9
2012-08-07T07:48:50Z,73.7,27.2
2012-08-08T08:04:10Z,73.6,26.7
2012-08-21T10:25:34Z,74.1,25.4
2012-08-24T08:09:42Z,75.7,25.1
2012-08-25T07:34:38Z,74.8,24.8
2012-08-28T19:02:07Z,75.1,22
2012-08-29T07:54:14Z,75.8,27
2012-08-30T08:43:51Z,75.8,25.6
2012-09-01T21:24:46Z,76,22.3
2012-09-02T10:24:43Z,75.6,26.2
2012-09-05T06:42:25Z,75.3,25.5
2012-09-06T06:41:45Z,75,25.3
2012-09-10T08:16:15Z,75.5,24.6
2012-09-11T06:36:59Z,75.4,24.8
2012-09-19T06:34:46Z,74.7,26.6
2012-09-24T19:11:15Z,74.6,22.9
2012-09-26T06:38:15Z,74.9,26.4
2012-09-27T06:43:47Z,74.9,26.6
2013-05-18T08:31:38Z,76,27.6
2013-05-19T10:36:26Z,76.2,27
2013-05-20T06:12:06Z,76.3,26.5
2013-05-21T06:10:40Z,75.4,27.1
2013-05-22T06:39:20Z,75.9,26.5
2013-05-23T06:17:52Z,75.7,26.6
2013-05-24T06:06:48Z,75.8,26.2
2013-05-25T09:03:01Z,75.8,27.3
2013-05-26T18:45:58Z,75.6,25.5
2013-05-27T06:35:10Z,75.7,26
2013-05-28T06:07:19Z,76.1,27.1
2013-05-29T06:23:48Z,75.7,27.2
2013-05-30T06:11:19Z,75.5,28.8
2013-05-31T05:48:44Z,75.6,26.8
2013-06-01T08:43:12Z,74.9,26.9
2013-06-02T09:05:02Z,75.3,28.3
2013-06-03T06:11:14Z,75.2,28.1
2013-06-04T06:19:36Z,75,28.1
2013-06-05T06:22:10Z,75.2,27.7
2013-06-06T06:25:06Z,75.1,28.3
2013-06-07T06:13:43Z,75.3,27.3
2013-06-08T07:59:25Z,75.2,26.5
2013-06-10T05:48:23Z,75.3,27.3
2013-06-11T06:25:22Z,75.5,27.46
2013-06-12T06:11:38Z,75.5,27.1
2013-06-16T09:35:24Z,75.2,26.8
2013-06-17T06:08:48Z,76,25.9
2013-06-18T06:15:28Z,75.8,25.9
2013-06-19T06:37:38Z,76.1,24
2013-06-20T06:17:02Z,75.2,26.3
2013-06-21T06:36:44Z,75.6,26.1
2013-06-24T06:37:56Z,75.5,26.3
2013-06-25T06:23:22Z,76.2,25.1
2013-06-26T06:24:40Z,76,26.2
2013-06-27T06:23:15Z,75.7,24.8
2013-06-28T07:02:50Z,76.1,26.2
2013-06-29T08:27:09Z,75.3,26.7
2013-06-30T10:04:56Z,75.8,26.9
2013-07-01T06:20:18Z,75.7,27.6
2013-07-02T06:38:27Z,75.5,25.3
2013-07-03T06:21:33Z,75.7,27.3
2013-07-04T06:22:50Z,75.6,27.9
2013-07-05T06:35:27Z,75.9,27.1
2013-07-07T10:10:58Z,75.9,25.9
2013-07-08T06:36:10Z,75.5,26.3
2013-07-09T06:26:16Z,75.7,28.3
2013-07-10T06:24:53Z,75.7,26.4
2013-07-11T06:10:21Z,76.1,25.9
2013-07-12T06:01:29Z,76.3,26.3
2013-07-13T06:12:03Z,76,25.9
2013-07-16T06:21:40Z,76.9,25.9
2013-07-17T06:12:57Z,77,26.3
2013-07-18T06:25:53Z,76.7,25.6
2013-07-19T06:56:15Z,76.5,26.5
2013-07-22T06:21:22Z,76.9,25.1
2013-07-23T06:02:33Z,76,28.5
2013-07-24T06:15:32Z,75.7,27.3
2013-07-25T08:05:56Z,75.2,29
2013-07-26T06:03:43Z,76.2,28.1
2013-07-28T06:02:50Z,75.7,27.7
2013-07-29T06:24:32Z,75.5,28.3
2013-07-30T07:12:03Z,75.5,26.9
2013-07-31T07:00:46Z,76.5,25.5
2013-08-01T06:53:15Z,76.8,23.4
2013-08-02T07:21:09Z,76.3,22.5
2013-08-03T07:33:18Z,76.8,24.8
2013-08-04T09:15:13Z,77.4,24.9
2013-08-05T06:36:12Z,76.4,26.3
2013-08-06T06:17:57Z,75.6,27.4
2013-08-07T07:49:55Z,75.2,27.5
2013-08-14T08:43:27Z,76.2,27.5
2013-08-15T08:50:13Z,76.4,28
2013-08-17T09:46:21Z,76,27.5
2013-08-21T07:00:14Z,76.3,27.6
2013-08-22T06:57:38Z,76.4,26.8
2013-08-23T07:17:41Z,76.7,27.6
2013-08-25T10:21:29Z,76.9,26.1
2013-08-26T06:52:34Z,76.7,26.7
2013-08-30T07:54:57Z,77.4,28.2
2013-08-31T09:52:37Z,77.6,28.3
2013-09-01T08:40:47Z,77.5,26.3
2013-09-02T06:40:12Z,77.2,27.3
2013-09-03T06:16:58Z,76.8,27.3
2013-09-04T06:21:22Z,77,27.9
2013-09-07T08:05:04Z,77.3,26.5
2013-09-09T06:37:42Z,77.5,26.5
2013-09-10T06:39:01Z,76.9,26.1
2013-09-11T06:22:01Z,76.9,27.7
2013-09-12T06:37:24Z,77.7,26.3
2013-09-13T06:36:53Z,77.9,25.7
2013-09-14T08:36:37Z,77.7,26.7
2013-09-16T06:42:41Z,77.1,26.5
2013-09-17T06:24:15Z,77.7,27.8
2013-09-18T06:01:07Z,77.7,26.9
2013-09-24T06:47:06Z,78.1,27
2013-09-25T06:38:37Z,78,27
2013-09-26T06:26:44Z,77.6,27.3
2013-09-27T06:44:14Z,77.7,25.6
2013-09-28T06:59:44Z,77.7,26.5
2013-09-29T06:30:27Z,78,27.9
2013-09-30T06:23:10Z,77.5,28
2013-10-01T06:19:40Z,77.9,28.6
2013-10-02T06:24:54Z,77.9,29.2
2013-10-03T06:21:55Z,77.6,29.4
2013-10-04T06:49:02Z,77.3,28.6
2013-10-05T08:41:56Z,76.5,26.9
2013-10-06T07:03:57Z,77.9,28
2013-10-07T06:49:06Z,77.6,28.4
2013-10-08T06:25:24Z,77.3,29.7
2013-10-09T07:56:32Z,77.6,29.4
2013-10-10T06:10:24Z,77.6,28.8
2013-10-11T06:37:17Z,77.9,28.1
2013-10-12T08:29:18Z,78,28.5
2013-10-13T09:34:01Z,78,29
2013-10-14T08:36:32Z,78.2,26.1
2013-10-15T06:37:53Z,77.9,27.5
2013-10-16T06:51:57Z,78.1,27.9
2013-10-18T06:23:39Z,77.8,30
2013-10-20T08:23:54Z,76.8,26.8
2013-10-21T06:37:14Z,77.9,25.4
2013-10-22T06:06:47Z,78.1,25.6
2013-10-23T07:00:59Z,77.5,27.4
2013-10-24T06:19:05Z,77.6,27.7
2013-10-25T06:55:53Z,77.6,28.5
2013-10-28T06:37:57Z,77.6,24.3
2013-10-29T06:18:39Z,77.7,26.6
2013-10-30T06:22:47Z,77.7,26.5
2013-10-31T06:11:47Z,77.9,26.5
2013-11-01T06:56:18Z,77.7,26.9
2013-11-05T06:19:30Z,78,27
2013-11-06T06:20:01Z,77.6,26.7
2013-11-07T06:38:49Z,77,26.8
2013-11-08T05:58:39Z,77.2,26.4
2013-11-09T08:10:14Z,77,28.1
2013-11-10T09:53:59Z,77.4,27.9
2013-11-11T06:38:28Z,77.9,28.3
2013-11-12T06:35:23Z,77.9,27.3
2013-11-13T06:41:35Z,77.7,27.2
2013-11-15T06:24:06Z,77.7,27.6
2013-11-17T06:44:57Z,76.4,24.8
2013-11-18T06:37:37Z,76.8,25.8
2013-11-19T06:53:39Z,77.2,26.9
2013-11-20T07:01:00Z,77.6,28.6
2013-11-21T06:37:06Z,77.8,27.3
2013-11-22T06:39:45Z,77.6,27.7
2013-11-23T08:59:03Z,77.4,27.5
2013-11-25T06:57:14Z,77.2,25.9
2013-11-26T06:56:44Z,77.5,27
2013-11-27T06:59:44Z,77.6,26
2013-11-28T07:07:09Z,77.3,27.9
2013-11-29T06:50:28Z,76.8,26.9
2013-11-30T09:17:58Z,76.5,27.3
2013-12-01T09:07:57Z,77.4,25.7
2013-12-03T06:51:33Z,77.9,25.7
2013-12-04T06:57:39Z,78.3,25.9
2013-12-05T06:57:15Z,78.4,25.9
2013-12-06T06:46:14Z,78.5,25.9
2013-12-09T06:40:18Z,78.7,25.3
2013-12-10T06:54:08Z,78.5,26.9
2013-12-11T06:54:28Z,78,26.7
2013-12-12T06:58:42Z,77.9,26.5
2013-12-13T07:00:32Z,77.7,26.6
2013-12-14T08:31:18Z,76.8,26.6
2013-12-15T08:33:11Z,78.8,27.5
2013-12-16T06:53:43Z,78.2,26.5
2013-12-17T06:55:33Z,77.9,26.6
2013-12-18T06:52:53Z,78.1,26.6
2013-12-19T06:54:00Z,77.7,27
2013-12-20T06:51:02Z,77.9,27
2013-12-21T08:23:51Z,77.3,27
2013-12-23T10:21:34Z,78.5,26.1
2013-12-24T06:41:02Z,77.8,26.9
2013-12-25T06:55:40Z,77.7,28.8
2013-12-26T07:05:24Z,77.6,26
2013-12-27T06:59:22Z,77.1,26.3
2013-12-28T11:05:26Z,77.5,25.6
2013-12-29T09:36:39Z,77.8,26.3
2013-12-31T10:31:47Z,77.9,26
2014-01-01T09:15:39Z,77.7,24.8
2014-01-02T10:49:33Z,77.4,26
2014-01-03T09:09:43Z,78.1,26.1
2014-01-04T09:59:55Z,78,27.1
2014-01-05T11:08:30Z,77.4,27.5
2014-01-06T06:40:53Z,78.3,27.3
2014-01-07T06:46:27Z,77.4,27.2
2014-01-08T06:15:36Z,78.5,26.6
2014-01-09T06:39:37Z,78.1,25.8
2014-01-10T06:38:09Z,78.1,26.7
2014-01-11T10:14:37Z,77.7,26.8
2014-01-12T10:50:02Z,78.3,27
2014-01-13T10:27:28Z,78.2,26.3
2014-01-14T06:38:01Z,78.5,26.9
2014-01-15T06:21:12Z,78.2,27.3
2014-01-16T06:22:48Z,78.1,26.4
2014-01-17T06:32:23Z,78.2,26.5
2014-01-18T08:40:51Z,78.4,27.1
2014-01-20T06:44:31Z,78.4,26.5
2014-01-21T06:59:50Z,78.7,26.2
2014-01-22T06:20:49Z,79.2,26.5
2014-01-24T06:24:23Z,78.5,27
2014-01-25T07:10:50Z,78.3,26.8
2014-01-26T07:34:46Z,79,26.3
2014-01-27T06:21:12Z,79.3,26
2014-01-28T06:27:17Z,79,26.4
2014-01-29T06:36:58Z,79,26.5
2014-01-30T07:00:03Z,78.8,26.3
2014-01-31T06:24:49Z,78.5,27.1
2014-02-01T09:40:19Z,78,26.8
2014-02-02T10:47:31Z,78.1,27.5
2014-02-03T06:58:26Z,77.9,26.1
2014-02-04T06:31:34Z,78.5,27
2014-02-05T06:27:03Z,78.5,26.6
2014-02-06T06:56:12Z,78.9,26.6
2014-02-07T06:42:52Z,78.9,27.2
2014-02-08T11:33:20Z,78.5,28.7
2014-02-09T09:43:48Z,79,26.3
2014-02-10T06:57:23Z,79,27.6
2014-02-11T11:21:58Z,78.4,28.7
2014-02-12T06:19:27Z,79.1,29.1
2014-02-13T06:55:50Z,78.7,27
2014-02-14T06:25:44Z,78.6,27.2
2014-02-15T11:13:43Z,78.3,27.9
2014-02-16T11:55:44Z,78.4,27
2014-02-17T06:27:29Z,79,27.3
2014-02-18T06:54:45Z,79.1,27.1
2014-02-19T07:00:57Z,78.6,25.1
2014-02-20T06:52:00Z,79,26.8
2014-02-21T06:54:19Z,78.9,26.7
2014-02-22T09:56:48Z,78.3,26.5
2014-02-24T06:55:12Z,78.8,27.9
2014-02-25T06:40:42Z,79.2,27
2014-02-26T06:29:17Z,79.2,26.7
2014-03-02T08:51:58Z,79.8,27.2
2014-03-03T06:39:26Z,79.3,27
2014-03-04T06:49:47Z,79.1,27.5
2014-03-05T06:20:09Z,79.2,26.9
2014-03-06T06:33:38Z,79.3,26.3
2014-03-07T06:56:59Z,78.8,26.8
2014-03-08T08:15:21Z,78.6,27.7
2014-03-09T08:28:36Z,78.9,26.9
2014-03-10T06:40:53Z,79.8,26.6
2014-03-11T06:53:37Z,79.2,27.2
2014-03-12T06:04:21Z,78.7,26.1
2014-03-15T07:09:02Z,79.6,24.8
2014-03-16T07:51:46Z,79.8,26.4
2014-03-17T06:54:58Z,79.6,27.6
2014-03-20T06:56:47Z,79.2,26.7
2014-03-21T09:43:05Z,77.7,27.7
2014-03-22T08:25:14Z,78.7,25.7
2014-03-23T09:42:00Z,78.7,28.7
2014-03-24T06:40:56Z,79.2,27.1
2014-03-25T05:51:23Z,79.3,26.4
2014-04-02T09:27:43Z,79,27.2
2014-04-03T06:35:10Z,79.6,27.6
2014-04-04T08:09:53Z,79.2,26.6
2014-04-05T11:38:50Z,78.6,26.6
2014-04-06T11:03:03Z,78.7,27.1
2014-04-07T06:57:13Z,79.2,28.4
2014-04-08T06:57:07Z,79.5,27
2014-04-09T07:02:58Z,79.1,26.3
2014-04-10T06:52:15Z,78.8,28.8
2014-04-11T06:55:06Z,78.6,27.4
2014-04-12T09:16:39Z,79.4,27
2014-04-14T06:53:46Z,78.7,27
2014-04-15T06:56:43Z,78.5,26
2014-04-16T06:54:45Z,78.7,27.5
2014-04-17T06:54:11Z,78.3,27.4
2014-04-18T06:56:00Z,78.9,26.7
2014-04-19T09:28:14Z,78.8,26.2
2014-04-20T09:41:36Z,79.2,28.2
2014-04-22T07:01:47Z,78.8,27.2
2014-04-23T07:07:32Z,78.5,25.1
2014-04-24T06:59:13Z,78.9,28.1
2014-04-25T06:59:30Z,78.8,27.6
2014-04-27T09:40:47Z,78.5,27
2014-04-28T07:10:14Z,78.2,28.9
2014-04-29T08:51:31Z,77.9,27.6
2014-04-30T07:02:33Z,78.3,30
2014-05-01T06:43:12Z,78.4,26.7
2014-05-02T06:59:47Z,78.1,27.9
2014-05-03T09:22:35Z,78.1,28.1
2014-05-05T07:48:00Z,79.2,26.5
2014-05-07T06:50:36Z,78.6,27.5
2014-05-08T07:03:48Z,78.4,27.6
2014-05-09T06:56:59Z,77.9,27.8
2014-05-10T10:13:43Z,78.1,28.6
2014-05-11T06:52:54Z,78.7,26.8
2014-05-12T06:50:30Z,78.1,28.2
2014-05-13T07:01:38Z,78.3,27.3
2014-05-15T06:46:41Z,78.3,26.1
2014-05-16T06:46:05Z,78.5,26.7
2014-05-17T09:01:30Z,77.4,26.3
2014-05-18T07:35:41Z,77.4,27.8
2014-05-19T08:17:00Z,76.9,26.4
2014-05-20T07:01:11Z,77.3,27.6
2014-05-21T06:40:29Z,77.1,27.2
2014-05-22T07:06:29Z,78.4,27
2014-05-23T06:04:40Z,77.9,26.7
2014-05-24T10:55:47Z,76.9,24.9
2014-05-25T11:19:23Z,77.5,25.1
2014-05-26T06:56:47Z,77.9,27.9
2014-05-27T06:59:28Z,77.5,26.2
2014-05-28T06:57:22Z,77,27
2014-05-29T06:05:12Z,77.1,28.6
2014-05-30T07:01:35Z,77.2,27.3
2014-05-31T10:57:07Z,77.5,27
2014-06-01T10:15:42Z,76.4,26.6
2014-06-02T07:03:51Z,77.3,28.9
2014-06-03T07:03:37Z,76.9,28.9
2014-06-04T07:04:40Z,76.8,27.8
2014-06-05T07:05:56Z,77.2,29.4
2014-06-06T07:01:15Z,77.2,28.8
2014-06-07T09:58:06Z,76.8,28.6
2014-06-10T06:51:05Z,76.7,26.9
2014-06-11T07:07:04Z,76.9,26.8
2014-06-12T06:26:00Z,77.3,26.5
2014-06-13T06:54:20Z,77.4,27.1
2014-06-14T06:30:13Z,77,26.1
2014-06-16T06:56:26Z,76.7,27.6
2014-06-17T07:02:22Z,77.7,25.6
2014-06-18T07:01:22Z,77.6,26.4
2014-06-19T06:39:43Z,77.4,26.3
2014-06-20T06:19:27Z,76.9,25
2014-06-21T08:44:38Z,77,24.3
2014-06-23T06:50:49Z,77.4,25.1
2014-06-24T07:06:57Z,78,27.4
2014-06-25T06:11:35Z,77.1,26
2014-06-26T06:53:33Z,76.9,27.3
2014-06-27T06:41:51Z,76.9,27.7
2014-06-28T07:53:19Z,77,28.2
2014-06-29T07:57:17Z,77.5,27.7
2014-06-30T06:54:31Z,78.1,25.7
2014-07-01T06:34:48Z,77.3,27
2014-07-02T06:59:54Z,76.8,25.6
2014-07-03T06:31:00Z,77.1,26.9
2014-07-04T06:54:58Z,77.3,27.3
2014-07-05T09:51:48Z,76.7,26.9
2014-07-06T09:22:53Z,77.7,27.9
2014-07-15T06:44:55Z,78.5,24.8
2014-07-17T06:34:04Z,78,25.6
2014-07-18T07:02:30Z,78.2,27.5
2014-07-19T09:35:56Z,76.9,27.5
2014-07-20T09:19:27Z,78.5,26.5
2014-07-21T08:42:05Z,78.3,26.3
2014-07-22T06:11:50Z,77.9,27.3
2014-07-23T06:06:20Z,78.2,26.6
2014-07-24T06:16:52Z,78.1,27.1
2014-07-25T06:06:20Z,78.1,27
2014-07-29T06:10:13Z,79.2,26.5
2014-07-30T06:09:29Z,78.2,27.7
2014-08-01T06:37:19Z,78.2,29.4
2014-08-04T06:47:35Z,79,28
2014-08-05T07:10:42Z,78.4,27
2014-08-06T07:13:48Z,78.1,26.6
2014-08-07T07:43:20Z,77.4,26.4
2014-08-08T09:45:07Z,77.9,27.8
2014-08-09T08:48:28Z,77.9,27.9
2014-08-10T07:46:25Z,78.7,26.8
2014-08-12T08:17:15Z,78.4,26.5
2014-08-20T07:10:18Z,79.2,25.5
2014-08-21T07:36:59Z,78.4,24.8
2014-08-22T06:33:57Z,77.6,27.9
2014-08-23T06:53:13Z,78.5,28.2
2014-08-29T06:58:15Z,80.3,25.1
2014-08-30T08:28:30Z,79.2,28.2
2014-08-31T09:01:09Z,78.4,29.1
2014-09-02T05:41:53Z,78.9,27.5
2014-09-08T06:37:06Z,80.1,27.2
2014-09-09T07:03:13Z,80.5,27.7
2014-09-13T08:25:55Z,79.7,27.4
2014-09-14T07:33:19Z,80,29.7
2014-09-16T06:38:58Z,80.1,28.1
2014-09-17T06:40:59Z,79.9,26.4
2014-09-18T06:58:25Z,79.9,27.1
2014-09-19T06:57:09Z,79.5,27.7
2014-09-20T10:46:58Z,79.67,27.3
2014-09-21T09:09:22Z,79.2,28.1
2014-09-22T06:56:08Z,79.5,27.8
2014-09-23T06:14:41Z,79.7,27.6
2014-09-24T06:56:43Z,80.7,27.9
2014-09-25T06:57:32Z,80.2,27.3
2014-09-26T06:58:39Z,80.4,26.8
2014-09-27T06:06:15Z,79.8,27.2
2014-09-28T08:33:24Z,79.8,27.1
2014-09-29T06:55:48Z,79.7,27.3
2014-09-30T06:54:19Z,79.7,26.9
2014-10-01T06:59:38Z,80,27.1
2014-10-02T06:58:13Z,80.3,27.2
2014-10-03T06:57:39Z,80.1,26.7
2014-10-04T07:10:45Z,79.3,27.6
2014-10-06T06:39:45Z,79.1,29.4
2014-10-07T06:15:01Z,79.5,28.7
2014-10-08T07:00:47Z,80,28.6
2014-10-09T07:01:19Z,79.5,28.4
2014-10-10T06:57:11Z,79.8,27.8
2014-10-12T08:14:37Z,79.9,27.5
2014-10-13T07:06:07Z,79.5,29.6
2014-10-14T06:54:25Z,79.1,27.7
2014-10-15T06:55:38Z,78.9,27.5
2014-10-16T06:38:38Z,79.5,27
2014-10-17T06:57:53Z,79.8,27.2
2014-10-18T09:02:46Z,80.2,27.9
2014-10-19T07:55:41Z,80.5,27.6
2014-10-20T06:53:47Z,79.9,28.7
2014-10-21T07:01:45Z,79.9,28.5
2014-10-22T07:00:41Z,78.5,25.9
2014-10-23T07:02:39Z,79.7,27.9
2014-10-24T06:18:13Z,80.1,28.2
2014-10-27T06:56:17Z,79.3,27.6
2014-10-28T06:43:48Z,80,29.3
2014-10-30T07:00:55Z,80.1,27.6
2014-10-31T06:55:05Z,80.4,27.4
2014-11-01T07:32:48Z,79.5,27.5
2014-11-03T09:07:49Z,80.3,25.4
2014-11-04T06:54:31Z,80.6,28
2014-11-05T06:58:20Z,79.8,26.9
2014-11-06T06:52:34Z,79.7,28.5
2014-11-07T06:59:23Z,79.6,28.5
2014-11-08T08:16:28Z,80.3,27.1
2014-11-10T06:52:00Z,80.6,27
2014-11-11T06:46:59Z,80,27.2
2014-11-12T06:49:51Z,79.7,27.3
2014-11-13T06:46:02Z,80.1,28.8
2014-11-14T06:57:43Z,79.7,28.4
2014-11-17T06:10:25Z,80.2,25.3
2014-11-18T07:00:55Z,80.6,26.7
2014-11-19T06:56:48Z,80.4,29.3
2014-11-20T06:52:54Z,80.5,29.4
2014-11-21T06:53:29Z,80.3,27.1
2014-11-22T07:03:28Z,79.8,26.3
2014-11-23T07:16:39Z,80.4,27.1
2014-11-24T06:46:08Z,79.7,29.1
2014-11-25T06:49:45Z,79.9,27.3
2014-11-26T06:48:16Z,79.7,27.2
2014-11-27T07:03:51Z,79.5,27.8
2014-11-28T07:00:01Z,79.6,27.5
2014-11-29T06:54:50Z,79.7,27.4
2014-11-30T09:17:14Z,79,28
2014-12-01T06:41:43Z,79.6,27.6
2014-12-02T07:01:04Z,80.3,27.6
2014-12-03T06:46:22Z,79.4,26.7
2014-12-04T07:05:10Z,79.5,28.8
2014-12-05T06:55:01Z,79.7,28.2
2014-12-06T07:48:05Z,79.6,28.5
2014-12-07T09:02:45Z,79.4,27.5
2014-12-08T06:54:44Z,79,29.1
2014-12-09T06:24:02Z,79.5,29.1
2014-12-10T06:47:11Z,80.1,26.5
2014-12-11T07:02:21Z,80.1,27
2014-12-12T06:26:33Z,79.9,27
2014-12-13T07:08:25Z,79.6,28.6
2014-12-14T11:26:13Z,79,30
2014-12-15T06:51:32Z,79.8,25.9
2014-12-16T07:16:21Z,80.2,27.3
2014-12-18T07:04:42Z,80,27
2014-12-19T07:08:25Z,79.4,27.2
2014-12-20T07:29:50Z,79.8,28.2
2014-12-21T08:09:40Z,80,27.6
2014-12-22T06:36:14Z,80,28.3
2014-12-24T07:00:31Z,79.9,27.9
2014-12-25T06:13:24Z,79.9,28.2
2014-12-26T06:46:33Z,79.2,29
2014-12-27T09:38:59Z,79,29.2
2014-12-28T08:09:15Z,79.3,27.4
2014-12-29T08:24:56Z,79.8,26.7
2015-01-06T07:59:55Z,80.5,28.1
2015-01-07T06:11:25Z,81.3,26.8
2015-01-08T06:06:20Z,80.5,27.5
2015-01-09T06:50:53Z,80.5,30
2015-01-11T09:54:41Z,79.8,27.9
2015-01-13T06:06:08Z,80,28.2
2015-01-17T08:58:16Z,78.5,25.5
2015-01-18T09:20:18Z,80.3,28.7
2015-01-20T07:05:10Z,79.7,28.2
2015-01-21T07:07:34Z,79.9,27.6
2015-01-23T06:36:27Z,80.4,27.9
2015-01-24T07:13:22Z,80.2,27
2015-01-27T06:06:10Z,82,27.6
2015-01-29T05:42:39Z,80,27.1
2015-01-30T07:14:39Z,80.1,26.5
2015-02-02T06:54:55Z,80.9,25.1
2015-02-03T06:08:01Z,80.8,26.8
2015-02-06T07:24:31Z,79.9,27.9
2015-02-09T06:08:25Z,79.7,25.4
2015-02-12T07:05:19Z,79.9,26.2
2015-02-13T07:07:49Z,79.8,26.5
2015-02-14T08:10:42Z,79.3,26.7
2015-02-16T06:40:07Z,79.9,26.3
2015-02-17T06:11:29Z,79.8,27.5
2015-02-18T06:42:21Z,80.4,27.5
2015-02-24T06:08:51Z,80.2,26.6
2015-02-26T06:55:37Z,80.5,26.1
2015-02-27T05:52:14Z,80.3,26.9
2015-03-06T07:08:43Z,81,26.6
2015-03-09T06:37:12Z,80.4,25.5
2015-03-10T06:08:05Z,80.5,27.7
2015-03-11T07:38:31Z,80.4,25.8
2015-03-12T05:56:19Z,80.4,29.1
2015-03-13T06:06:26Z,80.6,28.1
2015-03-14T09:30:11Z,79.9,27.5
2015-03-17T07:32:57Z,80,25.1
2015-03-18T07:01:04Z,80.2,26.7
2015-03-20T08:20:48Z,79.5,29.8
2015-03-21T06:29:58Z,79.7,25.9
2015-03-24T07:01:19Z,80,27.9
2015-03-25T06:50:18Z,80.5,28.7
2015-03-30T07:26:05Z,80.5,26.7
2015-04-01T07:02:45Z,80.3,27.6
2015-04-02T07:38:36Z,80.1,28.8
2015-04-05T10:42:13Z,80,27.6
2015-04-07T06:14:50Z,80.1,28.4
2015-04-08T06:14:08Z,80.3,28.2
2015-04-13T06:57:02Z,79.7,26.5
2015-04-16T06:07:59Z,79.6,27.1
2015-04-17T06:08:18Z,79.9,27.2
2015-04-18T08:12:35Z,78.6,25.3
2015-04-19T09:33:08Z,80.6,26.4
2015-04-20T06:51:41Z,79.8,26.5
2015-04-22T06:18:31Z,80.4,27.1
2015-04-23T06:10:48Z,80.1,27.8
2015-04-24T06:00:43Z,79.9,28
2015-04-25T08:46:38Z,79.1,26.7
2015-04-26T09:28:54Z,79.8,27.5
2015-04-27T06:46:28Z,80.2,27.9
2015-04-28T06:15:26Z,79.3,27.5
2015-04-29T07:23:41Z,79,26.6
2015-04-30T06:50:16Z,79.2,26.5
2015-05-01T06:04:34Z,79.4,28.3
2015-05-02T07:10:29Z,79.3,27.9
2015-05-07T06:05:50Z,79.9,27
2015-05-08T06:08:30Z,79.1,27.9
2015-05-11T06:30:46Z,79.4,28
2015-05-12T06:47:57Z,79.8,28.7
2015-05-13T06:10:24Z,79.4,29.1
2015-05-14T06:18:31Z,79.4,27.7
2015-05-15T07:05:41Z,79.7,28.8
2015-05-17T10:30:09Z,79.1,27.9
2015-05-18T06:52:35Z,79.7,28.2
2015-05-19T06:41:51Z,79.4,27.3
2015-05-20T07:07:56Z,79.3,27.8
2015-05-21T06:56:50Z,79.4,27.2
2015-05-22T06:58:02Z,79.6,28.2
2015-05-25T06:08:20Z,78.5,28.1
2015-05-26T06:18:33Z,78.5,29.1
2015-05-27T07:00:45Z,79,27.2
2015-05-29T07:00:04Z,79.2,27.9
2015-06-01T06:52:50Z,79,29.1
2015-06-02T06:41:43Z,78.7,28.3
2015-06-03T06:54:54Z,79,28.2
2015-06-04T06:44:41Z,78.6,28.9
2015-06-05T06:11:01Z,79,27.2
2015-06-06T06:56:25Z,78.9,28.3
2015-06-08T06:41:19Z,79.6,26.2
2015-06-09T07:03:07Z,78.8,28.5
2015-06-10T06:32:16Z,78.6,28.1
2015-06-12T06:44:30Z,79.1,29.7
2015-06-13T08:17:28Z,78.5,28.8
2015-06-14T09:20:37Z,78.9,28.2
2015-06-15T06:18:09Z,79.4,27.6
2015-06-16T06:47:45Z,79.4,28.4
2015-06-17T06:58:08Z,78.2,26.6
2015-06-18T06:10:12Z,78.7,26.7
2015-06-19T06:26:46Z,78.7,28.4
2015-06-20T06:57:18Z,78.5,27.6
2015-06-22T06:58:03Z,79.2,27.6
2015-06-23T06:51:44Z,79.2,26.7
2015-06-24T06:19:08Z,78.7,27.3
2015-06-25T06:15:32Z,78.6,28.4
2015-06-26T07:00:28Z,78.6,28.9
2015-06-27T09:05:35Z,78.6,28.5
2015-06-29T06:57:55Z,78.6,28.9
2015-06-30T07:06:45Z,78.6,28.8
2015-07-01T06:55:34Z,79,27.5
2015-07-02T07:03:56Z,79.4,27.7
2015-07-13T06:57:36Z,79.6,27
2015-07-14T07:07:11Z,79.4,27.8
2015-07-15T06:47:44Z,79.3,29
2015-07-16T06:50:47Z,79.4,28
2015-07-18T07:55:14Z,78.7,26.6
2015-07-20T06:51:10Z,79.4,27.9
2015-07-21T06:09:07Z,79.5,27.6
2015-07-26T07:07:02Z,79.7,29.6
2015-07-27T06:51:54Z,79.5,27
2015-07-30T06:13:34Z,79.2,28.4
2015-08-03T05:54:21Z,79,27.9
2015-08-10T06:55:06Z,80,25.8
2015-08-18T07:08:51Z,80.6,27.7
2015-08-19T09:12:16Z,79.6,26.2
2015-08-20T07:27:01Z,80.6,29.6
2015-08-21T06:53:48Z,80.5,29.5
2015-08-22T08:43:43Z,80.4,28.8
2015-08-23T07:03:17Z,80.4,26
2015-08-24T06:54:13Z,80.6,27.1
2015-08-25T06:19:31Z,80.5,28.2
2015-08-26T07:02:32Z,80.1,28.6
2015-08-27T07:04:22Z,80,28.6
2015-08-28T06:54:27Z,79.7,29.9
2015-08-29T09:07:12Z,79.9,29.8
2015-08-30T09:51:01Z,79.5,30
2015-08-31T06:59:32Z,79.5,29.5
2015-09-01T06:44:20Z,79.6,29.9
2015-09-05T07:59:28Z,79.4,28.3
2015-09-06T09:13:11Z,79.7,27.6
2015-09-07T06:49:36Z,79.9,28.5
2015-09-08T06:48:24Z,79.5,29.4
2015-09-09T06:58:30Z,79.8,29.4
2015-09-10T06:48:35Z,79.2,26.8
2015-09-11T06:46:07Z,80,29.1
2015-09-13T06:37:00Z,79.8,28.8
2015-09-15T06:39:20Z,79.5,27.9
2015-09-17T06:24:13Z,79.8,28.2
2015-09-20T06:49:39Z,81.5,27.6
2015-09-21T07:16:33Z,80.4,27.9
2015-09-25T07:04:24Z,80.1,27.8
2015-09-26T08:41:06Z,80,29.7
2015-09-28T06:51:48Z,80,29.2
2015-09-29T06:40:36Z,80.3,27.9
2015-09-30T06:54:01Z,80.2,28.8
2015-10-01T06:56:10Z,80.1,27.9
2015-10-02T06:18:27Z,80,28.3
2015-10-04T08:17:32Z,79.5,28.6
2015-10-05T06:49:53Z,79.8,28.2
2015-10-06T06:57:00Z,80,27.2
2015-10-07T06:58:23Z,80.1,27.8
2015-10-09T06:10:19Z,80,29.8
2015-10-10T09:26:53Z,79.8,28.1
2015-10-11T08:16:21Z,79.5,28.7
2015-10-13T07:08:33Z,80.7,25.6
2015-10-14T07:38:31Z,80.6,27.6
2015-10-16T06:56:35Z,79.8,29.2
2015-10-17T08:09:42Z,79.4,27.9
2015-10-18T08:29:07Z,79.5,27.9
2015-10-20T07:20:29Z,80,29.7
2015-10-21T06:42:48Z,80.3,28.6
2015-10-23T06:57:44Z,79.5,28.5
2015-10-24T10:04:55Z,79.4,27
2015-10-26T06:50:22Z,80.1,27.8
2015-10-27T06:55:45Z,80.1,27.4
2015-10-28T06:48:07Z,80,28.8
2015-10-29T07:00:21Z,79.8,28.1
2015-11-02T06:58:37Z,80.6,25.8
2015-11-05T06:56:28Z,80.8,27.6
2015-11-06T06:44:58Z,80.4,27.1
2015-11-08T07:27:51Z,79.3,30
2015-11-09T06:50:34Z,79.8,29.1
2015-11-11T06:58:42Z,80,27
2015-11-13T06:53:52Z,79.2,30
2015-11-16T06:49:32Z,80.8,25.9
2015-11-17T06:55:24Z,80.8,26
2015-11-18T06:40:09Z,81.2,26
2015-11-19T06:38:15Z,81.3,26.7
2015-11-20T06:54:31Z,80.7,27.1
2015-11-24T07:00:12Z,80.8,27.3
2015-11-25T06:58:51Z,80.1,29.1
2015-11-26T06:59:25Z,80,28.8
2015-11-27T06:57:29Z,80.1,27.6
2015-11-30T06:55:47Z,80.8,27.1
2015-12-01T07:01:12Z,80.3,27.7
2015-12-02T06:59:09Z,80.3,28
2015-12-03T06:58:52Z,80.2,29.2
2015-12-04T06:57:32Z,80.1,28.3
2015-12-07T06:53:35Z,80,27.5
2015-12-08T07:00:19Z,80.3,27.7
2015-12-09T07:01:58Z,80.6,27.4
2015-12-10T06:59:47Z,80.9,28.2
2015-12-11T07:31:22Z,80.9,27.4
2015-12-15T06:57:39Z,82,27.3
2015-12-16T06:59:25Z,81.8,27.3
2015-12-17T06:57:20Z,81.3,27.9
2015-12-18T06:55:25Z,81.1,27
2015-12-22T07:08:54Z,81.2,28.5
2015-12-24T07:05:23Z,80.9,28.7
2015-12-25T09:33:11Z,81.3,28
2016-01-05T06:05:48Z,82.1,27.2
2016-01-06T06:45:39Z,81.6,25.9
2016-01-07T06:03:45Z,82.2,27
2016-01-08T06:41:17Z,81.4,25.9
2016-01-09T09:33:04Z,81.6,26.6
2016-01-12T06:04:06Z,81.9,27.5
2016-01-13T06:03:47Z,81.1,26.4
2016-01-14T06:04:38Z,81.1,26.9
2016-01-15T05:51:17Z,82.2,25.9
2016-01-18T07:03:00Z,82.5,23.5
2016-01-19T06:53:26Z,82.5,25.7
2016-01-20T07:08:37Z,81.9,27.6
2016-01-21T06:41:25Z,80.8,25.4
2016-01-22T07:09:28Z,80.8,27.4
2016-01-23T10:40:09Z,80.5,26.3
2016-01-25T07:13:25Z,80.9,26.7
2016-01-26T06:56:42Z,80.7,25.4
2016-01-27T05:59:38Z,79.9,26.7
2016-01-28T06:44:25Z,80.8,26.6
2016-01-29T06:43:21Z,81.1,25.8
2016-01-30T09:08:28Z,80.8,25
2016-02-01T06:05:06Z,80.1,26.1
2016-02-02T07:02:09Z,80.6,26.3
2016-02-03T06:41:15Z,79.4,25
2016-02-04T06:06:10Z,80.2,25.9
2016-02-05T06:06:13Z,80.2,25
2016-02-06T08:12:24Z,80.9,25.2
2016-02-08T06:53:59Z,80.1,26.4
2016-02-09T06:42:42Z,80,24.8
2016-02-10T06:05:41Z,80.3,24.9
2016-02-12T06:57:46Z,80.3,25.6
2016-02-13T07:45:45Z,79.9,24
2016-02-14T09:50:55Z,80,27
2016-02-15T06:56:48Z,80.9,23.7
2016-02-16T06:05:26Z,80.4,25.6
2016-02-17T06:57:38Z,80.3,24.8
2016-02-18T07:02:17Z,80.1,25.4
2016-02-19T06:58:37Z,80.3,25.6
2016-02-20T07:36:05Z,80.4,25.6
2016-02-21T07:40:06Z,80.2,25.9
2016-02-24T07:09:03Z,80.8,24.8
2016-02-25T07:09:38Z,81,26.2
2016-02-26T06:06:39Z,80.5,25.1
2016-02-27T08:36:51Z,80.1,26.3
2016-02-28T08:37:16Z,79.8,27.2
2016-02-29T06:56:55Z,79.8,28.3
2016-03-01T06:57:57Z,80,28.5
2016-03-02T05:54:18Z,79.7,27.5
2016-03-03T05:58:16Z,79.5,26.2
2016-03-04T06:57:05Z,80.5,26.6
2016-03-05T08:19:46Z,79.6,27.3
2016-03-06T10:35:47Z,79.8,27.1
2016-03-07T06:24:00Z,79.6,27
2016-03-09T06:54:34Z,80.2,25.3
2016-03-10T06:42:36Z,79.7,24.3
2016-03-11T06:54:18Z,79.3,22.6
2016-03-13T09:22:38Z,80.5,25.2
2016-03-14T06:57:49Z,79.5,25.6
2016-03-15T06:13:36Z,78,25.1
2016-03-16T06:45:33Z,79,26.2
2016-03-17T11:04:24Z,79.3,24.6
2016-03-18T07:02:12Z,79.4,26.5
2016-03-19T08:45:03Z,79.2,26.5
2016-03-22T07:08:07Z,79.7,24.3
2016-03-23T07:08:45Z,79.6,23.5
2016-03-23T18:44:18Z,78.8,22
2016-03-24T07:07:21Z,79.4,26.6
2016-03-25T07:14:25Z,78.9,26.4
2016-03-26T09:33:16Z,78.7,27.1
2016-03-27T09:55:09Z,78.9,26.2
2016-03-28T06:05:18Z,78.8,25.8
2016-03-29T07:19:35Z,79.2,27.2
2016-03-30T06:48:15Z,78.9,24.4
2016-03-31T06:45:37Z,78.9,24.2
2016-04-01T07:10:07Z,78.8,27.4
2016-04-02T09:29:08Z,79.8,25.4
2016-04-03T08:30:25Z,79.8,24.9
2016-04-04T06:53:29Z,79.7,24.7
2016-04-05T07:11:54Z,79.2,25.6
2016-04-06T07:05:39Z,79.8,26.8
2016-04-07T07:04:49Z,79.2,26.3
2016-04-08T06:07:21Z,79,26.4
2016-04-09T10:03:49Z,78.3,27.7
2016-04-10T07:08:12Z,79.3,26.2
2016-04-11T06:39:08Z,79.1,26.3
2016-04-12T06:51:03Z,78.8,25.8
2016-04-13T06:55:02Z,77.6,26.8
2016-04-14T06:56:39Z,78.1,26
2016-04-15T07:02:42Z,78.4,26.4
2016-04-18T06:52:04Z,78.9,25.3
2016-04-19T06:49:18Z,78.4,25.3
2016-04-20T06:39:15Z,77.9,27.3
2016-04-21T08:04:55Z,77.9,24.8
2016-04-23T07:44:21Z,77.2,27.4
2016-04-24T08:37:59Z,77.4,26.4
2016-04-25T06:05:19Z,79,25.6
2016-04-26T06:06:02Z,77.9,26.2
2016-04-27T07:10:12Z,77.5,25.3
2016-04-28T07:07:25Z,77,24.9
2016-04-29T09:00:28Z,76.8,25.7
2016-04-30T07:44:18Z,78.1,26.1
2016-05-01T07:38:25Z,78.6,25.6
2016-05-02T06:05:32Z,77.9,26.2
2016-05-03T08:40:26Z,76.6,24.7
2016-05-04T09:18:02Z,77.5,25.6
2016-05-05T08:13:13Z,77.3,27.5
2016-05-06T07:05:06Z,77.3,25.9
2016-05-07T07:07:00Z,76.6,27.2
2016-05-08T08:28:06Z,76.3,25.5
2016-05-09T06:56:18Z,78,25.5
2016-05-10T06:58:36Z,77.5,25.7
2016-05-11T07:02:53Z,76.9,25.8
2016-05-12T06:52:42Z,76.8,26.2
2016-05-13T06:13:34Z,77,27
2016-05-14T07:37:18Z,76.7,26.5
2016-05-16T06:58:01Z,76.3,26.2
2016-05-17T06:46:04Z,76.6,24.8
2016-05-18T06:19:26Z,76.3,26.5
2016-05-19T06:47:50Z,76.4,26.5
2016-05-20T06:35:32Z,76.4,25.1
2016-05-21T08:45:06Z,76.2,26.3
2016-05-22T07:18:02Z,76.1,26.5
2016-05-23T06:58:07Z,76.3,27.4
2016-05-24T06:22:07Z,76.4,24.8
2016-05-25T06:37:28Z,76.6,24.6
2016-05-26T05:03:28Z,76.2,25.3
2016-05-27T07:19:25Z,76.3,25.9
2016-05-28T08:06:02Z,76.6,26.9
2016-05-29T08:24:32Z,76.3,24.3
2016-05-30T06:49:30Z,76.6,25.1
2016-05-31T05:49:51Z,76.3,25.1
2016-06-01T06:37:57Z,76,26.5
2016-06-02T06:26:42Z,75.6,26.2
2016-06-03T06:53:21Z,75.6,25.1
2016-06-04T06:44:57Z,75.5,26.1
2016-06-06T06:44:07Z,75.6,26.8
2016-06-07T06:44:32Z,75.6,25.5
2016-06-08T06:53:21Z,75.3,25.6
2016-06-09T06:06:14Z,75.4,25.9
2016-06-10T06:51:50Z,75.3,26.7
2016-06-11T06:05:30Z,75,26
2016-06-12T08:56:31Z,76,26.5
2016-06-13T06:56:47Z,75.3,25.6
2016-06-14T06:53:38Z,75.4,25.4
2016-06-15T06:49:46Z,75.4,26.3
2016-06-16T06:46:54Z,76,25.9
2016-06-17T06:35:19Z,75.1,25.4
2016-06-18T06:42:35Z,75.2,24.9
2016-06-19T09:59:20Z,75.2,27
2016-06-20T06:58:23Z,75,26.5
2016-06-21T07:00:06Z,75.1,26
2016-06-22T06:57:09Z,75.3,25.6
2016-06-23T06:52:50Z,75.3,25.9
2016-06-24T06:35:27Z,75.4,25
2016-06-25T06:36:29Z,75.1,26.2
2016-06-27T06:44:31Z,75.2,27.1
2016-06-28T07:00:30Z,75.2,26.6
2016-06-29T06:38:56Z,75,25.6
2016-06-30T07:04:58Z,75.2,25.1
2016-07-01T06:46:03Z,75.4,25.7
2016-07-02T06:57:05Z,75.5,25.1
2016-07-03T08:23:43Z,74.9,25.4
2016-07-04T06:56:48Z,74.8,26.4
2016-07-05T07:05:28Z,75,25.6
2016-07-06T06:50:53Z,75,25.9
2016-07-07T06:29:48Z,74.7,25.6
2016-07-08T06:58:58Z,74.8,26.2
2016-07-09T07:12:47Z,74.6,25.4
2016-07-10T07:32:09Z,74.8,23.5
2016-07-11T06:50:25Z,74.7,26.1
2016-07-12T06:53:41Z,74.1,27.1
2016-07-13T06:58:46Z,74.1,24
2016-07-14T06:53:44Z,74.6,25.6
2016-07-15T05:51:38Z,74.3,26.9
2016-07-16T08:29:08Z,73.9,26.5
2016-07-17T08:55:10Z,74.7,25.8
2016-07-18T06:59:40Z,74.5,26.7
2016-07-19T07:01:06Z,74.9,25.8
2016-07-20T06:42:10Z,74.2,25.2
2016-07-21T06:28:00Z,75,24.7
2016-07-22T05:50:40Z,74.6,24.9
2016-07-23T05:36:19Z,74.6,26.3
2016-07-28T06:35:20Z,74,24
2016-07-29T06:35:31Z,74.4,25.9
2016-07-30T07:16:44Z,74.3,24
2016-07-31T09:03:03Z,74.4,25.5
2016-08-01T07:00:22Z,74.4,25.3
2016-08-02T06:25:47Z,75.1,24.3
2016-08-04T06:32:27Z,75.5,24
2016-08-05T06:17:11Z,75.1,24.9
2016-08-06T06:15:34Z,74.3,24.6
2016-08-07T06:42:37Z,74.7,25.9
2016-08-08T06:19:25Z,75.2,24.7
2016-08-09T06:08:40Z,74.8,21.8
2016-08-12T07:06:05Z,74.9,27
2016-08-13T07:59:31Z,75.3,24.8
2016-08-14T08:47:32Z,75.8,27
2016-08-15T08:04:39Z,75.4,24.8
2016-08-16T08:21:37Z,75.9,25
2016-08-17T06:06:40Z,76.1,25.1
2016-08-20T09:04:01Z,76.3,24.8
2016-08-21T07:57:43Z,76.1,24
2016-08-22T06:45:50Z,76.4,25.8
2016-08-23T06:41:11Z,74.9,26.3
2016-08-24T06:55:23Z,75.3,26.1
2016-08-25T07:13:38Z,75.7,24.3
2016-08-26T06:41:29Z,75.3,26.6
2016-08-27T09:24:53Z,75.7,26
2016-08-28T10:24:02Z,75.3,27.9
2016-08-29T06:43:29Z,75,27.2
2016-09-03T08:17:39Z,76.6,24.8
2016-09-04T09:32:07Z,76.2,26.3
2016-09-05T07:27:10Z,76.2,27.2
2016-09-06T07:16:01Z,76.7,25.3
2016-09-07T06:27:14Z,76.7,26.3
2016-09-08T06:58:09Z,77.1,25.9
2016-09-09T06:32:10Z,76,27.4
2016-09-10T06:49:19Z,76.2,27.1
2016-09-11T06:49:00Z,76.4,26
2016-09-12T07:00:24Z,76,26
2016-09-13T07:02:13Z,76.5,27
2016-09-14T06:28:40Z,76.1,25.6
2016-09-15T06:50:13Z,75.8,26.8
2016-09-16T06:57:11Z,75.7,25.9
2016-09-17T07:00:53Z,76.8,28.5
2016-09-19T06:41:11Z,76.8,26
2016-09-20T06:17:02Z,76.8,26.4
2016-09-21T06:24:10Z,77.7,29.7
2016-09-23T06:08:15Z,76.5,27.3
2016-09-24T06:03:40Z,76.2,27.4
2016-09-25T08:25:03Z,76.9,25.4
2016-09-26T06:37:03Z,77,26.4
2016-09-27T06:52:10Z,77.3,25.9
2016-09-28T06:33:45Z,76.7,26.8
2016-09-29T06:37:38Z,76.2,27.3
2016-09-30T07:00:24Z,76.4,26.5
2016-10-01T07:27:21Z,76.4,26.6
2016-10-02T08:09:30Z,76.7,26.7
2016-10-03T06:46:20Z,77.3,25.3
2016-10-04T06:59:22Z,76.8,25.6
2016-10-05T08:22:06Z,76.8,25.4
2016-10-06T06:55:09Z,77,26
2016-10-07T06:06:10Z,77.5,25.8
2016-10-08T06:07:10Z,76.7,25.3
2016-10-10T06:43:36Z,77.1,23.7
2016-10-11T06:08:24Z,77.1,26.1
2016-10-12T06:05:46Z,77.1,25.1
2016-10-13T06:04:48Z,76.6,27.6
2016-10-14T06:04:14Z,77.2,26.7
2016-10-15T06:53:37Z,76.6,26.5
2016-10-17T06:05:52Z,77.2,25.7
2016-10-18T06:10:37Z,76.6,27.8
2016-10-19T06:22:26Z,77.7,26.1
2016-10-20T06:04:23Z,77.3,26.6
2016-10-21T06:05:49Z,77.4,27
2016-10-22T08:24:24Z,77.4,26.5
2016-10-23T08:09:30Z,77.3,24
2016-10-24T06:44:25Z,77.5,24.5
2016-10-25T06:03:56Z,77.7,25.9
2016-10-26T06:56:54Z,76.9,25.5
2016-10-27T06:05:11Z,76.9,26.9
2016-10-28T06:38:12Z,76.3,26
2016-10-31T05:56:56Z,77.7,25.9
2016-11-01T06:04:39Z,77.2,27
2016-11-02T06:58:19Z,77,26.8
2016-11-03T06:16:48Z,77.6,25.7
2016-11-04T06:05:04Z,77.2,26.4
2016-11-05T07:05:19Z,77.9,26.1
2016-11-06T07:47:07Z,77.9,25.4
2016-11-07T06:09:47Z,77.6,27.2
2016-11-08T06:40:42Z,77.8,26.8
2016-11-09T06:08:03Z,77.7,26.5
2016-11-10T06:07:36Z,77.7,27.5
2016-11-11T06:13:51Z,77.4,27.7
2016-11-12T09:30:41Z,77.5,26.1
2016-11-14T06:58:22Z,77.5,26.2
2016-11-15T06:17:00Z,77.8,27.8
2016-11-16T06:06:39Z,78.6,27
2016-11-17T08:10:43Z,77.1,28.2
2016-11-18T06:59:12Z,77.4,27.3
2016-11-19T07:06:03Z,78.2,25.1
2016-11-21T06:02:16Z,78.6,24.9
2016-11-22T05:56:01Z,78,26.1
2016-11-23T08:46:41Z,78.2,25.5
2016-11-24T06:06:43Z,77.9,26.2
2016-11-25T06:39:00Z,78.2,25.4
2016-11-26T06:13:28Z,78.2,25.3
2016-11-27T09:21:53Z,77.8,24.3
2016-11-28T06:06:47Z,77.5,26.2
2016-11-29T06:05:17Z,77.7,25.9
2016-11-30T06:50:16Z,77.4,25.6
2016-12-01T06:06:17Z,77.9,26.8
2016-12-02T07:06:32Z,77.5,27.9
2016-12-03T06:10:44Z,77.5,27.6
2016-12-05T06:50:21Z,78.2,25.7
2016-12-06T06:03:57Z,77.5,26.1
2016-12-07T06:18:17Z,77.7,25.6
2016-12-08T06:10:43Z,77.4,25.3
2016-12-09T06:58:53Z,77.5,26.4
2016-12-12T06:09:37Z,77.7,25.6
2016-12-14T07:11:09Z,77.6,26.8
2016-12-15T06:59:41Z,78.1,25.1
2016-12-16T07:05:25Z,77.8,26
2016-12-17T08:16:30Z,77.9,27.1
2016-12-20T07:04:00Z,77.5,26.3
2016-12-21T06:23:34Z,77.2,25.3
2016-12-22T06:14:47Z,77.7,25.4
2016-12-23T07:40:04Z,77.2,23.7
2016-12-24T08:09:23Z,77,26
2016-12-26T07:07:35Z,77,26
2016-12-31T08:46:18Z,79,25.8
2017-01-01T08:27:40Z,78.8,26.8
2017-01-02T10:07:11Z,78,26.2
2017-01-03T09:27:45Z,78.2,26.9
2017-01-04T08:54:06Z,77.5,26.4
2017-01-05T06:04:49Z,78,27.6
2017-01-06T07:22:14Z,77.9,26.4
2017-01-08T09:42:45Z,78.1,24.8
2017-01-09T07:02:21Z,78.4,25.8
2017-01-10T07:05:16Z,78.8,26.9
2017-01-11T06:04:03Z,78.7,26.3
2017-01-12T06:04:46Z,78.6,28.1
2017-01-13T06:21:32Z,78,27
2017-01-16T06:12:20Z,79.5,24
2017-01-17T05:59:10Z,78.3,25.5
2017-01-18T06:47:13Z,79.3,25.2
2017-01-19T06:06:52Z,78.9,26.1
2017-01-20T05:53:01Z,78,27
2017-01-21T07:25:31Z,78.7,27.3
2017-01-22T07:18:53Z,78.4,26.9
2017-01-23T06:59:40Z,79,26.7
2017-01-24T06:06:02Z,78.2,27.2
2017-01-25T06:08:38Z,78.2,26.8
2017-01-26T07:00:10Z,78.6,27.7
2017-01-27T07:04:00Z,78.5,27.1
2017-01-28T11:02:01Z,78.3,26.5
2017-01-29T08:46:35Z,78.5,26.4
2017-01-30T06:56:49Z,78,29.6
2017-01-31T06:57:49Z,78.4,26.8
2017-02-01T07:03:11Z,78.2,27.2
2017-02-02T06:59:56Z,78,27.6
2017-02-03T07:00:57Z,78.2,26.5
2017-02-06T06:45:53Z,78.8,28
2017-02-07T06:02:44Z,78,26.4
2017-02-08T06:07:11Z,78.1,26.9
2017-02-09T07:16:50Z,77.7,25.2
2017-02-10T06:33:10Z,78,27.9
2017-02-13T06:40:46Z,78.2,26.3
2017-02-14T07:01:43Z,78,25.9
2017-02-15T07:09:55Z,78.4,25.4
2017-02-16T06:55:23Z,78.2,25.1
2017-02-17T05:54:18Z,78.4,25.7
2017-02-18T09:00:34Z,78.7,25.9
2017-02-19T09:49:58Z,78.3,26
2017-02-20T06:59:06Z,78.8,26.5
2017-02-21T06:05:23Z,78.7,27.2
2017-02-22T07:01:47Z,78.2,27.4
2017-02-23T07:02:10Z,78.1,28
2017-02-24T06:03:42Z,78.9,25.4
2017-02-26T06:22:36Z,78.7,24.8
2017-03-01T07:08:08Z,78.6,25.6
2017-03-02T06:32:51Z,78.2,25.9
2017-03-03T07:11:12Z,79,25.3
2017-03-04T08:27:50Z,78.7,26.5
2017-03-05T07:34:39Z,78.6,27.6
2017-03-06T05:58:15Z,78.8,28
2017-03-07T06:09:21Z,79.3,25.9
2017-03-08T06:08:31Z,79.7,26.8
2017-03-09T06:16:32Z,79,27.77
2017-03-11T08:21:22Z,79.5,26
2017-03-12T09:27:03Z,79,29
2017-03-13T06:57:00Z,79,27.5
2017-03-16T07:04:09Z,79.1,25.7
2017-03-17T06:44:35Z,78.3,27.5
2017-03-18T09:26:19Z,79,27.7
2017-03-19T06:39:20Z,78.7,26.3
2017-03-20T06:38:52Z,79,27.2
2017-03-21T07:04:40Z,78.6,27.6
2017-03-22T07:28:28Z,78.4,26.5
2017-03-23T06:31:52Z,78.3,27.7
2017-03-24T07:01:48Z,78.3,27.1
2017-03-25T08:08:00Z,78.1,26.2
2017-03-26T07:35:45Z,78.8,25.1
2017-03-27T06:58:17Z,78,27.6
2017-03-29T08:13:23Z,78.6,27.9
2017-03-30T08:20:49Z,78.3,27
2017-03-31T09:18:17Z,78.1,26.5
2017-04-02T09:41:32Z,78.7,27
2017-04-03T06:55:24Z,80,27.6
2017-04-04T07:14:14Z,79.6,25.7
2017-04-05T07:37:20Z,78.4,27.7
2017-04-06T06:56:15Z,79.4,25.3
2017-04-07T06:57:09Z,78.8,26.1
2017-04-09T09:18:09Z,78.6,27
2017-04-10T06:54:54Z,78.7,26.6
2017-04-11T06:21:30Z,78.6,26.9
2017-04-12T05:59:45Z,78.6,25.8
2017-04-13T05:55:04Z,77.9,25.4
2017-04-14T06:02:42Z,78.1,25.9
2017-04-15T07:34:22Z,78,25.8
2017-04-16T09:11:32Z,78.3,27.6
2017-04-17T06:03:57Z,78.2,26.5
2017-04-18T06:05:28Z,77.9,26.2
2017-04-19T06:39:27Z,78,25.6
2017-04-20T06:00:07Z,77.8,25.6
2017-04-21T06:22:38Z,78.3,25.2
2017-04-24T05:59:56Z,78.2,26.7
2017-04-25T05:51:28Z,77.8,25.9
2017-04-26T06:03:37Z,77.9,27.9
2017-04-27T06:03:58Z,77.8,26
2017-04-28T05:58:48Z,77.6,26.5
2017-04-29T07:10:47Z,77.8,26.9
2017-05-01T06:00:22Z,78.4,24.7
2017-05-02T06:07:13Z,77.2,26.4
2017-05-04T06:50:10Z,78.3,26.5
2017-05-08T06:04:16Z,78.5,27.5
2017-05-09T06:00:17Z,78.5,26.6
2017-05-10T06:04:10Z,78.1,26
2017-05-11T06:05:38Z,78.6,25.6
2017-05-12T05:59:01Z,78.5,26.5
2017-05-13T08:02:53Z,77.8,27.1
2017-05-14T06:24:17Z,77.7,22.9
2017-05-15T06:03:36Z,78.2,28.1
2017-05-16T05:59:44Z,78.5,26.8
2017-05-17T05:58:59Z,78.2,26.5
2017-05-18T05:58:26Z,78.4,26.5
2017-05-19T06:46:33Z,77.5,27.8
2017-05-23T05:59:05Z,78.1,26.2
2017-05-24T06:00:30Z,78.7,24.9
2017-05-25T06:02:35Z,78.6,25.4
2017-05-26T06:10:25Z,78,26.8
2017-05-27T09:10:38Z,77.7,26.8
2017-05-29T06:00:23Z,77.2,27.1
2017-05-30T06:03:31Z,77.8,26.2
2017-05-31T06:01:32Z,77.9,26.4
2017-06-01T06:00:22Z,78.2,25.5
2017-06-02T05:56:52Z,78.2,26.9
2017-06-03T09:10:57Z,77.9,27.3
2017-06-04T07:38:54Z,77.9,27.3
2017-06-05T06:02:05Z,78.4,26.9
2017-06-06T05:53:08Z,78.4,26.8
2017-06-09T06:04:11Z,78.4,21.5
2017-06-10T07:49:32Z,77.4,28.7
2017-06-12T06:03:34Z,78,26.1
2017-06-13T06:02:08Z,77.9,26.2
2017-06-15T06:04:49Z,78.4,26
2017-06-17T07:37:09Z,78.4,28
2017-06-19T06:01:21Z,79.1,26.7
2017-06-20T06:04:02Z,78.3,27.8
2017-06-21T06:03:47Z,77.7,24
2017-06-22T06:05:11Z,78.1,27.1
2017-06-23T06:12:17Z,78.2,26.7
2017-06-24T06:31:46Z,78.4,27.7
2017-06-29T06:01:23Z,78.8,26.4
2017-06-30T06:58:01Z,79.1,26.7
2017-07-03T06:46:48Z,79.4,26.5
2017-07-04T06:27:24Z,79,26.4
2017-07-05T06:21:22Z,78.8,26.3
2017-07-06T06:25:16Z,78,26.1
2017-07-07T06:43:10Z,78.2,26.1
2017-07-08T09:29:41Z,78.5,26.2
2017-07-09T10:19:33Z,78.9,26.4
2017-07-10T06:05:40Z,78.2,26.1
2017-07-11T06:04:18Z,78.8,26.3
2017-07-12T06:12:23Z,78.4,26.2
2017-07-13T06:07:15Z,77.6,25.9
2017-07-14T05:28:51Z,77.3,25.8
2017-07-15T06:53:54Z,77.2,25.8
2017-07-16T06:27:44Z,77.8,26
2017-07-17T06:30:55Z,78.9,26.4
2017-07-18T06:09:19Z,79,26.4
2017-07-19T06:12:03Z,78.2,26.1
2017-07-20T06:33:04Z,79.3,26.5
2017-07-21T07:57:03Z,78.5,26.2
2017-07-22T08:48:09Z,78,26.1
2017-07-23T10:10:13Z,77.7,26
2017-07-24T06:18:00Z,78,26.1
2017-07-25T06:52:06Z,77.3,25.8
2017-07-26T06:00:58Z,77.6,25.9
2017-07-27T06:30:21Z,77.5,25.9
2017-07-28T06:39:35Z,78.1,26.1
2017-07-29T07:33:34Z,77.7,26
2017-07-30T06:24:50Z,77.6,25.9
2017-07-31T06:19:00Z,77.6,25.9
2017-08-01T06:11:00Z,78,26.1
2017-08-02T06:47:19Z,77.4,25.9
2017-08-03T06:13:31Z,77.6,25.9
2017-08-04T06:10:26Z,78.1,26.1
2017-08-05T07:33:59Z,77.4,25.9
2017-08-07T07:09:29Z,78.6,26.3
2017-08-08T06:14:29Z,78.4,26.9
2017-08-16T07:30:56Z,79.7,26.6
2017-08-17T06:32:16Z,79.2,26.5
2017-08-18T06:23:56Z,78.7,26.3
2017-08-19T09:00:35Z,78.5,26.2
2017-08-20T07:58:15Z,78.9,26.4
2017-08-21T06:33:19Z,79.4,26.5
2017-08-22T06:11:38Z,78.2,26.1
2017-08-23T06:03:21Z,78.4,26.2
2017-08-24T06:05:52Z,78,26.1
2017-09-02T06:48:27Z,79,26.4
2017-09-04T06:09:28Z,79.6,26.6
2017-09-06T05:50:39Z,79.3,26.5
2017-09-09T06:49:33Z,79,26.4
2017-09-11T06:06:57Z,79.2,26.5
2017-09-12T06:14:56Z,79.7,26.6
2017-09-13T06:14:28Z,79.3,26.5
2017-09-14T06:04:57Z,80.1,26.8
2017-09-15T06:17:21Z,79.7,26.6
2017-09-16T06:35:37Z,79.9,26.7
2017-09-19T06:21:57Z,80.6,26.9
2017-09-20T06:14:23Z,79.7,26.6
2017-09-23T09:42:33Z,79.8,26.7
2017-09-24T09:03:10Z,79.2,26.5
2017-09-25T06:13:21Z,79.4,26.5
2017-09-26T06:04:50Z,80.1,26.8
2017-09-27T06:11:00Z,79.8,26.7
2017-09-28T06:11:51Z,79.7,26.6
2017-09-29T06:07:51Z,79.1,26.4
2017-10-02T06:04:05Z,79.9,26.7
2017-10-03T06:14:04Z,79.5,26.6
2017-10-04T06:07:07Z,79.9,26.7
2017-10-05T06:11:33Z,79,26.4
2017-10-06T06:00:42Z,79.8,26.8
2017-10-07T07:40:13Z,79.5,26.6
2017-10-09T07:03:46Z,79.3,26.5
2017-10-10T06:15:11Z,79.5,26.6
2017-10-11T06:12:38Z,79.8,26.7
2017-10-12T07:09:44Z,79.6,26.6
2017-10-13T06:23:21Z,79.5,26.6
2017-10-17T06:34:56Z,79.6,26.6
2017-10-18T05:54:55Z,79.9,26.3
2017-10-19T06:17:13Z,80,26.7
2017-10-20T06:04:27Z,79.7,26.6
2017-10-21T07:13:54Z,79.4,26.5
2017-10-22T08:08:58Z,79.7,26.6
2017-10-23T06:13:22Z,80.1,26.7
2017-10-24T06:09:36Z,80.5,26.9
2017-10-25T06:52:24Z,80.3,26.8
2017-10-27T06:14:21Z,80.3,26.8
2017-10-28T06:00:13Z,80.4,26.9
2017-10-30T06:02:30Z,80.6,26.9
2017-10-31T06:04:02Z,80.5,26.9
2017-11-02T06:34:37Z,80.8,27
2017-11-04T08:30:23Z,80,26.7
2017-11-06T06:05:40Z,80.7,27
2017-11-07T06:15:04Z,80.9,27
2017-11-08T07:00:33Z,80.5,26.9
2017-11-09T06:03:39Z,81.3,27.2
2017-11-10T06:05:50Z,80.4,26.9
2017-11-11T06:46:12Z,81.2,27.1
2017-11-13T06:05:24Z,81,27.1
2017-11-14T06:05:27Z,81.5,27.2
2017-11-15T06:48:52Z,81.2,27.1
2017-11-16T06:48:13Z,80.1,26.8
2017-11-17T06:14:36Z,80.5,26.9
2017-11-18T07:16:33Z,79.9,24.4
2017-11-19T09:37:50Z,79.9,26.5
2017-11-20T06:20:41Z,80.9,27
2017-11-21T06:20:38Z,81.2,27.1
2017-11-22T06:36:38Z,81.4,27.2
2017-11-24T07:03:44Z,80.8,27
2017-11-26T08:05:50Z,81.8,27.8
2017-11-27T07:40:45Z,81.6,27.3
2017-11-28T06:14:27Z,81.5,25.6
2017-11-29T07:04:42Z,81.3,27.2
2017-11-30T06:26:56Z,81.5,27.2
2017-12-01T06:28:56Z,80.9,27
2017-12-04T06:33:47Z,81.9,27.4
2017-12-05T06:43:12Z,82,27.4
2017-12-07T06:52:45Z,81.2,27.1
2017-12-08T07:01:21Z,81.2,27.1
2017-12-09T05:16:04Z,81.4,27.2
2017-12-11T06:34:22Z,81.7,27.3
2017-12-12T06:35:40Z,82,27.4
2017-12-13T06:59:08Z,81.3,27.2
2017-12-14T06:42:40Z,81.1,27.1
2017-12-15T06:33:17Z,81.3,27.2
2017-12-16T07:45:15Z,80.9,27
2017-12-17T09:15:32Z,80.6,26.9
2017-12-19T06:54:21Z,80.4,26.9
2017-12-20T06:48:18Z,80.6,26.9
2017-12-21T07:10:00Z,80.3,26.8
2017-12-22T06:53:14Z,80.9,27
2017-12-25T06:55:25Z,80.8,27
2017-12-27T07:15:08Z,81.4,27.2
2017-12-28T08:44:05Z,81.9,27.4
2018-01-07T09:02:14Z,81.1,27.1
2018-01-08T09:27:04Z,80.2,26.3
2018-01-09T06:15:11Z,80.7,27
2018-01-10T06:37:26Z,80.8,27
2018-01-11T06:24:55Z,81.1,27.1
2018-01-14T10:46:27Z,80.6,26.9
2018-01-15T06:34:04Z,80.9,27
2018-01-16T06:34:24Z,80.4,26.9
2018-01-17T07:17:12Z,80.3,26.8
2018-01-18T06:34:31Z,80.4,26.9
2018-01-19T06:45:03Z,80.8,27
2018-01-20T07:52:07Z,80.4,26.9
2018-01-22T06:58:57Z,81.1,27.1
2018-01-23T06:35:53Z,80.4,26.9
2018-01-24T07:16:49Z,79.9,27.6
2018-01-26T05:31:35Z,80.4,26.9
2018-01-27T07:34:24Z,80.8,27
2018-01-29T06:34:39Z,81.3,27.2
2018-01-30T06:34:59Z,80.6,26.9
2018-02-01T06:35:46Z,80.6,26.9
2018-02-02T06:53:18Z,80.3,26.8
2018-02-03T07:24:15Z,79.9,26.7
2018-02-04T05:41:20Z,80.3,26.9
2018-02-05T06:51:30Z,80.4,26.9
2018-02-06T07:05:16Z,80.5,26.9
2018-02-07T06:36:49Z,80.6,26.9
2018-02-08T07:04:12Z,79.6,26.6
2018-02-09T06:59:35Z,80,26.7
2018-02-13T07:05:00Z,80.8,29.5
2018-02-15T06:56:19Z,80.6,26.9
2018-02-16T06:56:18Z,80.5,26.9
2018-02-17T07:12:12Z,80.3,26.5
2018-02-18T05:45:15Z,80.3,26.8
2018-02-19T06:27:29Z,80.3,26.8
2018-02-20T07:09:28Z,79.9,26.8
2018-02-21T06:52:28Z,79.9,26.7
2018-02-22T06:45:13Z,80.3,26.8
2018-02-23T06:44:43Z,80.1,26.8
2018-02-27T06:45:49Z,78.7,26.3
2018-02-28T07:30:23Z,79.5,26.5
2018-03-01T06:30:24Z,80,26.7
2018-03-02T05:58:56Z,80.2,26.8
2018-03-05T06:35:29Z,79.9,26.7
2018-03-06T08:40:44Z,80.2,26.8
2018-03-07T06:35:37Z,79.2,26.5
2018-03-08T06:47:15Z,78.9,26.4
2018-03-09T06:33:11Z,79.5,26.6
2018-03-10T07:01:39Z,79.4,26.5
2018-03-11T10:51:54Z,78.9,26.5
2018-03-12T06:34:16Z,78.7,26.3
2018-03-13T07:02:52Z,79.8,25.6
2018-03-14T06:45:12Z,79.7,26.6
2018-03-15T07:02:25Z,79.7,26.6
2018-03-16T06:59:48Z,79,26.7
2018-03-17T09:32:37Z,78.7,26.9
2018-03-19T06:37:36Z,80.8,27
2018-03-20T06:38:43Z,81.3,27.2
2018-03-23T06:29:42Z,82.1,27.4
2018-03-26T08:13:10Z,80.5,29.9
2018-04-04T06:58:18Z,78.3,26.2
2018-04-05T06:12:37Z,80.3,26.7
2018-04-06T06:17:42Z,80.5,26.9
2018-04-07T07:08:21Z,80.4,26.9
2018-04-08T06:24:43Z,80.3,26.8
2018-04-09T06:01:48Z,80.7,27
2018-04-10T06:12:12Z,80.5,26.9
2018-04-11T06:25:10Z,80.5,26.9
2018-04-12T06:38:13Z,80.2,26.8
2018-04-13T06:48:42Z,80.5,26.9
2018-04-16T06:46:07Z,80.4,26.9
2018-04-17T05:56:10Z,80.3,26.8
2018-04-18T06:54:18Z,80.4,26.9
2018-04-19T06:43:44Z,81,27.1
2018-04-20T06:06:00Z,80.4,26.9
2018-04-21T07:48:25Z,80.1,26.8
2018-04-23T06:35:09Z,80.3,26.8
2018-04-24T06:37:11Z,80.1,26.8
2018-04-25T06:50:29Z,80.4,26.9
2018-04-27T06:56:03Z,81,27.1
2018-04-28T06:07:42Z,80.3,26.8
2018-05-01T06:38:51Z,79.6,26.6
2018-05-02T06:44:22Z,79.8,26.8
2018-05-04T06:44:09Z,80.4,26.9
2018-05-05T07:49:15Z,80.1,26.9
2018-05-07T06:52:52Z,80.9,27
2018-05-08T06:45:34Z,80.6,26.9
2018-05-09T06:36:49Z,81.1,26.9
2018-05-10T06:53:33Z,81.2,27.1
2018-05-11T06:49:40Z,80.7,27
2018-05-12T06:28:06Z,80,26.7
2018-05-13T09:40:00Z,80.1,26.8
2018-05-14T06:48:35Z,77.9,26
2018-05-15T06:48:31Z,80.4,26.9
2018-05-16T06:52:47Z,80.4,26.9
2018-05-17T06:51:48Z,80,26.7
2018-05-18T06:43:28Z,80.3,26.8
2018-05-21T06:44:24Z,80.9,27
2018-05-22T06:43:46Z,80.7,26.1
2018-05-23T06:46:01Z,80.7,26.1
2018-05-24T06:27:20Z,80.8,26.1
2018-05-25T06:42:56Z,80.8,26.1
2018-05-27T09:54:27Z,80.8,26.1
2018-05-28T06:48:33Z,81,26.1
2018-05-29T06:45:12Z,80.7,26.1
2018-05-30T06:45:45Z,80.9,26.1
2018-05-31T06:54:27Z,81.1,26.2
2018-06-01T05:43:24Z,80.4,26
2018-06-03T08:21:55Z,80,26.5
2018-06-04T06:46:22Z,80.2,25.9
2018-06-05T06:51:02Z,80.3,25.9
2018-06-06T06:38:52Z,80.5,26
2018-06-07T06:49:04Z,80.6,26
2018-06-08T06:48:31Z,80.7,26.1
2018-06-09T08:05:02Z,81.2,26.2
2018-06-10T09:16:59Z,80.8,26.1
2018-06-11T06:51:43Z,80.5,26.1
2018-06-12T06:48:36Z,80.6,26
2018-06-13T06:58:06Z,80.1,25.9
2018-06-14T07:02:58Z,80.9,26.1
2018-06-15T06:38:25Z,80.8,26.1
2018-06-18T06:57:13Z,80.6,26
2018-06-19T06:02:47Z,79.9,25.8
2018-06-20T06:51:37Z,79.3,25.6
2018-06-21T06:54:25Z,79.6,25.7
2018-06-22T06:57:15Z,79.7,25.8
2018-06-25T06:39:30Z,80.4,26
2018-06-26T06:23:40Z,80.4,26
2018-06-27T06:33:55Z,79.9,25.8
2018-06-28T06:35:12Z,80.7,26.1
2018-06-29T06:25:12Z,80.1,25.9
2018-06-30T06:38:55Z,80,25.8
2018-07-02T06:51:28Z,80.4,25.9
2018-07-03T06:45:38Z,79.8,25.8
2018-07-04T06:40:15Z,80.1,25.9
2018-07-05T06:56:41Z,79.6,25.7
2018-07-06T06:51:31Z,79.6,25.7
2018-07-07T07:18:09Z,78.7,25.4
2018-07-09T06:39:18Z,80.5,26
2018-07-10T07:24:20Z,79.7,25.8
2018-07-11T07:02:11Z,79.7,25.7
2018-07-12T07:01:12Z,80.3,25.9
2018-07-13T05:59:02Z,80.6,26
2018-07-14T08:51:38Z,79.6,25.7
2018-07-16T06:52:38Z,80.8,26.9
2018-07-17T06:47:04Z,80.7,26.1
2018-07-18T06:39:58Z,80.9,26.1
2018-07-19T06:29:27Z,80.6,26
2018-07-20T06:47:58Z,80.3,25.9
2018-07-21T06:35:35Z,80.5,26
2018-07-23T06:44:00Z,77.7,25.1
2018-07-24T07:04:01Z,80.4,26
2018-07-25T06:24:28Z,80.7,26.1
2018-07-26T05:20:45Z,81.1,26.2
2018-07-27T06:48:29Z,80.4,26
2018-07-28T07:51:32Z,80.2,25.9
2018-07-29T05:19:46Z,80.4,26
2018-07-30T06:43:15Z,80.6,26
2018-07-31T07:42:07Z,80,25.8
2018-08-01T06:24:50Z,80.9,26
2018-08-02T06:58:50Z,81.2,26.2
2018-08-03T06:59:05Z,81.5,26.3
2018-08-04T07:19:58Z,80.8,25.6
2018-08-05T07:00:39Z,81.1,26.2
2018-08-10T06:51:57Z,78.9,30
2018-08-15T08:09:02Z,80.8,26.1
2018-08-16T08:41:25Z,80.8,26.1
2018-08-17T06:41:00Z,81.2,26.2
2018-08-21T07:23:01Z,81.6,26.3
2018-08-22T08:06:06Z,80.5,26
2018-08-23T06:46:11Z,80.9,26.1
2018-08-25T07:09:18Z,80.8,26.1
2018-08-26T07:09:30Z,80.4,26
2018-08-27T06:11:05Z,80.4,26
2018-08-28T05:44:49Z,80.7,26.1
2018-09-01T06:26:01Z,80.7,26.1
2018-09-02T09:02:13Z,80.3,25.9
2018-09-03T06:41:33Z,80.6,26
2018-09-04T06:35:29Z,80.3,25.9
2018-09-05T06:29:28Z,81.1,26.2
2018-09-06T07:56:03Z,79.6,25.4
2018-09-07T06:42:34Z,80.8,26.1
2018-09-08T08:15:57Z,80.3,25.9
2018-09-09T10:33:14Z,80.2,25.9
2018-09-10T06:51:47Z,80.5,26
2018-09-11T06:59:53Z,80.5,26
2018-09-12T06:48:57Z,80.6,26
2018-09-13T06:49:09Z,81.1,26.2
2018-09-14T06:27:16Z,80.9,26.1
2018-09-15T06:33:49Z,80,25.8
2018-09-18T06:35:22Z,80.1,25.9
2018-09-19T06:49:33Z,80.7,26.1
2018-09-20T06:41:13Z,80.9,26.1
2018-09-21T06:40:42Z,80.1,25.9
2018-09-22T06:28:51Z,80.7,26.1
2018-09-23T08:42:18Z,80.3,25.9
2018-09-24T06:40:51Z,79.6,25.7
2018-09-25T06:28:51Z,80.2,25.9
2018-09-28T06:36:06Z,81.6,26.3
2018-09-29T06:38:35Z,81.4,26.3
2018-10-01T06:41:45Z,81.2,26.2
2018-10-02T06:37:05Z,80.8,26.1
2018-10-03T06:28:12Z,81.2,26.2
2018-10-04T06:46:33Z,81.7,26.4
2018-10-05T06:16:03Z,81.4,26.3
2018-10-09T06:18:42Z,82.2,26.5
2018-10-10T07:04:07Z,81.4,26.3
2018-10-11T06:39:51Z,81.3,26.2
2018-10-12T06:38:32Z,81.4,26.3
2018-10-16T06:30:35Z,81.1,26.2
2018-10-17T06:37:12Z,81.6,26.3
2018-10-18T06:54:47Z,81.9,26.4
2018-10-19T06:47:24Z,80.6,26
2018-10-20T06:29:19Z,80.8,26.1
2018-10-22T06:33:46Z,81.6,26.3
2018-10-23T06:59:42Z,81.8,26.4
2018-10-24T06:44:35Z,81.7,26
2018-10-25T06:37:00Z,82.5,26.6
2018-10-26T06:17:26Z,82.7,26.7
2018-10-27T06:38:32Z,82.4,26.6
2018-10-28T08:41:34Z,82,26
2018-10-29T06:47:42Z,82,26.5
2018-10-30T06:36:14Z,82,26.5
2018-10-31T06:50:03Z,82.4,26.6
2018-11-01T06:40:44Z,82,26.5
2018-11-02T06:45:19Z,82.2,26.5
2018-11-03T06:34:15Z,82.1,26.5
2018-11-04T09:49:56Z,81.2,26.2
2018-11-05T06:53:01Z,82.8,26.7
2018-11-06T06:46:07Z,82.3,26.6
2018-11-07T06:47:01Z,82.6,26.7
2018-11-08T06:42:11Z,82.6,26.7
2018-11-09T06:40:55Z,82.4,26.6
2018-11-11T08:35:00Z,82.4,26.6
2018-11-12T06:54:46Z,82.6,26.7
2018-11-13T06:51:55Z,82.2,26.5
2018-11-14T06:39:59Z,82.3,26.6
2018-11-15T06:50:02Z,82.2,26.5
2018-11-16T06:45:23Z,82.4,26.6
2018-11-17T06:34:39Z,82.7,26.7
2018-11-19T06:51:15Z,82.9,26.8
2018-11-20T06:38:00Z,81.9,26.4
2018-11-21T06:13:58Z,82.4,26.6
2018-11-22T06:58:32Z,82.9,26.8
2018-11-23T06:45:24Z,82.6,26.7
2018-11-24T08:55:56Z,82.1,26.5
2018-11-26T06:35:50Z,83.2,26.9
2018-11-27T06:42:06Z,82.4,26.6
2018-11-28T06:58:43Z,82.5,26.6
2018-11-29T06:59:02Z,83.3,26.9
2018-12-01T06:09:37Z,82.2,26.5
2018-12-03T06:42:32Z,82.8,26.7
2018-12-04T06:46:25Z,82.4,26.6
2018-12-05T06:58:14Z,82.9,26.8
2018-12-06T06:53:48Z,82.9,26.8
2018-12-07T06:52:30Z,82.9,26.8
2018-12-08T08:43:36Z,82.5,26.6
2018-12-09T07:07:18Z,82.5,26.6
2018-12-10T06:51:49Z,81.9,26.4
2018-12-11T06:58:01Z,81.9,26.4
2018-12-12T06:53:27Z,82.1,26.5
2018-12-13T06:57:11Z,82,26.5
2018-12-15T06:50:19Z,82.1,26.5
2018-12-16T18:25:00Z,81.6,26.3
2018-12-17T06:54:11Z,82.1,26.5
2018-12-18T06:58:33Z,81.8,26.4
2018-12-19T06:53:39Z,82.3,26.6
2018-12-20T06:52:48Z,82.2,26.5
2018-12-21T06:55:43Z,82.4,26.6
2018-12-22T08:46:39Z,82,26.5
2018-12-23T08:20:36Z,82.6,26.7
2018-12-24T06:53:12Z,82.4,26.6
2018-12-25T06:55:26Z,82.4,26.6
2018-12-27T08:47:20Z,82.9,26.8
2018-12-28T08:12:46Z,82.6,26.7
2019-01-07T06:43:26Z,82.6,26.7
2019-01-08T06:43:32Z,82.5,26.6
2019-01-09T06:50:03Z,83.1,26.8
2019-01-10T06:55:52Z,83.5,27
2019-01-11T06:53:20Z,83.2,26.9
2019-01-12T07:08:16Z,82.8,26.8
2019-01-14T06:51:44Z,82.8,26.7
2019-01-15T06:57:38Z,82.7,26.7
2019-01-16T06:50:29Z,83,26.8
2019-01-17T06:53:24Z,82.7,26.7
2019-01-18T06:58:05Z,83.1,26.8
2019-01-19T06:46:17Z,83.1,28.6
2019-01-20T06:25:21Z,83.1,26.8
2019-01-21T06:51:36Z,83.6,27
2019-01-22T06:48:56Z,82.8,26.8
2019-01-23T06:55:08Z,82.3,26.6
2019-01-24T06:52:42Z,83.4,26.9
2019-01-25T06:51:45Z,82.2,26.5
2019-01-26T10:14:43Z,82.5,26.6
2019-01-27T07:11:53Z,82.24,26.6
2019-01-28T06:55:48Z,82.5,26.6
2019-01-30T06:55:39Z,82.2,26.5
2019-01-31T06:57:21Z,82,26.5
2019-02-01T06:57:10Z,82.4,26.6
2019-02-02T07:21:05Z,82.4,26.6
2019-02-03T07:30:16Z,82.4,26.6
2019-02-04T06:51:37Z,82,26.5
2019-02-05T06:56:55Z,81.6,26.7
2019-02-06T06:35:45Z,82.3,26.6
2019-02-07T06:53:23Z,82.2,26.5
2019-02-08T06:52:44Z,81.9,26.4
2019-02-09T06:39:37Z,81.8,26.4
2019-02-10T06:48:35Z,81.3,26.2
2019-02-11T06:21:36Z,82.4,26.6
2019-02-13T06:50:58Z,80.8,26.1
2019-02-14T08:52:23Z,80.4,26
2019-02-15T06:55:20Z,79.7,25.7
2019-02-16T07:05:39Z,80.5,26
2019-02-17T06:31:04Z,80.7,27.1
2019-02-21T06:52:59Z,80.5,26
2019-02-22T06:53:53Z,80.5,26
2019-02-23T09:53:32Z,80.5,26
2019-02-24T08:34:23Z,81.1,26.2
2019-02-25T06:53:43Z,81,26.1
2019-02-26T06:47:16Z,81.5,26.3
2019-02-27T06:54:02Z,81.1,26.2
2019-02-28T06:47:58Z,80.9,26.1
2019-03-01T07:00:04Z,81.2,26.2
2019-03-02T08:47:12Z,81.6,26.3
2019-03-03T07:18:58Z,80.5,26
2019-03-04T06:56:10Z,81,26.1
2019-03-05T06:45:59Z,81.1,26.2
2019-03-06T06:33:30Z,81,26
2019-03-10T08:23:28Z,81.4,26.3
2019-03-11T06:48:43Z,82.3,26.6
2019-03-12T06:18:55Z,82,26
2019-03-14T06:52:46Z,81.6,26.3
2019-03-15T05:57:27Z,82.4,26.6
2019-03-18T06:26:00Z,82.1,26.5
2019-03-19T06:42:26Z,82.2,26.5
2019-03-20T06:48:28Z,82,26.5
2019-03-21T06:21:22Z,82.1,26.5
2019-03-22T06:54:14Z,82,26.5
2019-03-24T06:31:41Z,82.3,26.6
2019-03-25T06:44:22Z,83.1,26
2019-03-26T07:03:52Z,81.9,26.4
2019-03-27T07:23:29Z,82.4,26.6
2019-03-28T08:01:39Z,82.2,26.5
2019-03-29T07:12:19Z,83.4,26.9
2019-03-30T08:00:29Z,83.1,26
2019-04-01T06:52:53Z,82.8,26.5
2019-04-02T06:56:44Z,82.7,26.7
2019-04-03T06:53:00Z,83.4,26.9
2019-04-04T09:22:10Z,83.4,26.9
2019-04-05T06:02:49Z,83,27.1
2019-04-06T06:33:37Z,83,26.8
2019-04-07T08:39:23Z,82.9,26
2019-04-08T06:33:02Z,82.3,26.6
2019-04-09T06:35:17Z,82.9,26.8
2019-04-10T06:36:37Z,82.3,26.6
2019-04-11T05:20:03Z,82.5,26.6
2019-04-12T06:52:14Z,82.2,26.5
2019-04-13T07:17:15Z,83.2,26.9
2019-04-15T06:51:52Z,82.8,26.7
2019-04-16T06:51:32Z,81.7,26.4
2019-04-17T06:52:08Z,82.3,26.6
2019-04-18T06:39:18Z,81.9,26.4
2019-04-19T06:49:41Z,81.7,26.4
2019-04-20T06:52:20Z,81.9,26.4
2019-04-21T08:04:34Z,82.2,26.6
2019-04-22T06:38:11Z,82.3,26.6
2019-04-23T07:55:32Z,81.9,24.6
2019-04-24T06:26:14Z,82.3,26.6
2019-04-25T06:42:48Z,81.5,26.3
2019-04-26T06:45:31Z,81.4,26.3
2019-04-27T07:19:05Z,81.8,26.4
2019-04-28T07:37:26Z,80.3,25.9
2019-04-29T06:48:13Z,81.6,26.3
2019-04-30T07:23:59Z,81.7,26.4
2019-05-01T08:42:33Z,81.5,26.3
2019-05-02T08:24:32Z,81,26
2019-05-03T08:03:05Z,80.6,26
2019-05-04T09:12:17Z,80.2,25.9
2019-05-05T07:26:30Z,80.3,25.9
2019-05-06T06:38:46Z,80.9,26.1
2019-05-07T06:37:07Z,80.2,25.9
2019-05-08T06:58:03Z,80.3,25.9
2019-05-09T06:38:30Z,80.5,26
2019-05-10T06:39:42Z,80.7,26.1
2019-05-11T07:11:18Z,80.4,26
2019-05-12T07:37:05Z,80.3,25.9
2019-05-13T06:38:56Z,80.7,26.1
2019-05-14T06:38:38Z,80.9,26.1
2019-05-15T06:56:56Z,80.4,26
2019-05-16T06:46:08Z,79.9,25.8
2019-05-17T06:56:16Z,79.8,25.8
2019-05-18T07:16:32Z,80.6,26
2019-05-19T08:17:12Z,80.5,26
2019-05-20T06:48:51Z,81.4,26.3
2019-05-21T05:34:32Z,81.2,26.2
2019-05-22T06:43:53Z,80.6,26
2019-05-23T06:25:33Z,80.7,26.1
2019-05-24T06:51:07Z,80.5,26
2019-05-25T06:04:11Z,80.7,26.1
2019-05-27T06:53:29Z,81,26.1
2019-05-28T06:39:27Z,80.3,25.9
2019-05-29T06:57:52Z,80.9,26.1
2019-05-30T06:51:04Z,80.8,26.1
2019-05-31T07:37:30Z,81,26
2019-06-01T06:04:15Z,81.3,26.2
2019-06-02T09:31:23Z,80.5,26
2019-06-03T06:53:40Z,80.7,26
2019-06-04T06:43:56Z,80.3,25.9
2019-06-05T06:46:23Z,80.8,26.1
2019-06-06T06:45:35Z,81.1,26.2
2019-06-09T09:08:20Z,80.6,26
2019-06-10T06:55:58Z,80.2,25.9
2019-06-11T06:44:37Z,81.3,26.2
2019-06-12T07:00:36Z,81.2,26.2
2019-06-13T06:57:08Z,80.6,26
2019-06-14T06:53:01Z,80.6,26
2019-06-15T07:04:36Z,81.2,26.2
2019-06-16T09:33:50Z,80.8,26.1
2019-06-17T06:49:42Z,80.8,26.1
2019-06-18T07:30:27Z,81,26.1
2019-06-19T06:54:47Z,80.8,26.1
2019-06-20T06:55:33Z,79.7,25.7
2019-06-21T06:34:28Z,81,26.1
2019-06-22T07:00:20Z,80.7,26.1
2019-06-23T10:07:36Z,81.2,26.2
2019-06-24T06:55:59Z,80.9,26.1
2019-06-25T06:46:03Z,81.4,26.3
2019-06-26T06:53:01Z,80.6,26
2019-06-27T07:01:06Z,80,25.8
2019-06-28T06:51:31Z,80.4,26
2019-06-29T07:09:53Z,80.5,26
2019-06-30T07:03:15Z,81.3,26.2
2019-07-01T06:45:46Z,81.9,26.4
2019-07-02T06:57:02Z,81.2,26.2
2019-07-03T07:10:43Z,80.8,26.1
2019-07-04T06:53:48Z,80.4,26
2019-07-05T06:51:49Z,81,26.1
2019-07-06T06:59:23Z,80.9,26.1
2019-07-07T09:43:10Z,80.8,26.1
2019-07-08T06:46:56Z,80.9,26.1
2019-07-09T06:54:27Z,81,26
2019-07-11T06:37:47Z,81.1,26.2
2019-07-12T06:52:47Z,81.4,26.3
2019-07-13T06:58:51Z,80.9,26.1
2019-07-15T06:51:16Z,80.7,26.1
2019-07-16T06:26:00Z,80.2,25.9
2019-07-17T06:32:53Z,80.6,26
2019-07-18T06:53:44Z,80.5,26
2019-07-19T06:38:18Z,80.6,26
2019-07-20T07:19:42Z,80.3,25.9
2019-07-21T09:15:01Z,80.4,26
2019-07-22T06:51:19Z,81.4,26.3
2019-07-23T06:25:09Z,81.2,26.2
2019-07-24T06:38:05Z,80.9,26.1
2019-07-25T06:39:43Z,80.7,26.1
2019-07-26T06:38:16Z,80.7,26.1
2019-07-27T08:06:22Z,81.6,26.3
2019-07-28T07:24:49Z,81.8,26.4
2019-07-29T06:53:04Z,81.9,26.4
2019-07-30T06:56:06Z,81.4,26.3
2019-08-02T07:53:46Z,81.8,26.4
2019-08-03T09:26:27Z,81.4,26.3
2019-08-04T09:13:29Z,80.9,26.1
2019-08-05T06:54:37Z,81.5,26.3
2019-08-06T07:47:49Z,81,26
2019-08-07T11:02:43Z,81.1,26.2
2019-08-08T08:24:42Z,80.7,26.1
2019-08-09T09:42:19Z,80.9,26.1
2019-08-10T07:41:06Z,81,26
2019-08-13T07:29:24Z,81.3,26.5
2019-08-14T08:58:17Z,80.6,26
2019-08-15T08:21:05Z,80.6,26
2019-08-16T07:07:30Z,80.5,26
2019-08-17T07:05:03Z,80.7,26.1
2019-08-18T09:55:00Z,80.4,26
2019-08-19T06:55:23Z,81,26.1
2019-08-20T06:55:13Z,80.6,26
2019-08-21T09:16:29Z,81,26.1
2019-08-22T07:00:50Z,81.6,26.3
2019-08-23T06:55:08Z,81.3,26.2
2019-08-24T06:49:02Z,81.4,26.3
2019-08-25T07:14:50Z,80.8,26.1
2019-08-26T06:54:37Z,80.5,26
2019-08-27T07:03:32Z,81.2,26.2
2019-08-28T06:57:01Z,81.4,26.3
2019-08-29T06:54:16Z,81,26
2019-08-30T06:47:33Z,80.6,26
2019-08-31T06:18:42Z,80.7,26.1
2019-09-02T06:54:11Z,81,26.1
2019-09-03T06:50:24Z,81.3,26.2
2019-09-07T09:51:29Z,80.8,26.1
2019-09-08T08:41:47Z,81,26
2019-09-09T06:56:19Z,80.6,26
2019-09-16T06:56:20Z,79.2,25.6
2019-09-17T06:41:38Z,80.4,26
2019-09-18T06:58:05Z,81,26.1
2019-09-19T06:59:16Z,81.2,26.2
2019-09-20T07:00:13Z,80.7,26.1
2019-09-21T07:05:06Z,81.4,26.3
2019-09-22T08:48:12Z,81.6,26.3
2019-09-23T06:53:07Z,82,26.5
2019-09-24T06:49:55Z,81,26.1
2019-09-25T06:49:39Z,81,26
2019-09-26T06:34:08Z,81.2,26.2
2019-09-27T06:41:31Z,81.5,26.3
2019-09-28T06:41:41Z,81.1,26.2
2019-09-29T06:56:22Z,80.9,26.1
2019-09-30T06:53:06Z,80.5,26
2019-10-01T06:52:56Z,81.2,26.2
2019-10-02T06:54:55Z,81.2,26.2
2019-10-03T06:51:27Z,81,26
2019-10-04T06:48:32Z,80.8,26.1
2019-10-05T06:43:45Z,81.4,26.3
2019-10-06T09:32:53Z,81.5,26.3
2019-10-07T06:52:12Z,82,26.5
2019-10-08T06:06:04Z,82.1,26.5
2019-10-09T06:48:25Z,82,26.5
2019-10-10T06:48:47Z,81.9,26.4
2019-10-11T06:57:02Z,81.5,26.3
2019-10-12T09:18:01Z,81.5,26.3
2019-10-13T07:29:27Z,82.2,26.5
2019-10-14T06:49:02Z,82.3,26.6
2019-10-15T06:55:59Z,82,26.5
2019-10-16T06:52:18Z,81.4,26.3
2019-10-17T06:50:54Z,81.5,26.3
2019-10-18T06:57:01Z,81.9,26.4
2019-10-19T07:45:35Z,84,30
2019-10-20T05:59:20Z,82.2,26.5
2019-10-21T06:36:19Z,81.8,26.6
2019-10-22T05:40:19Z,82.4,26.6
2019-10-23T06:50:46Z,82.2,26.5
2019-10-24T06:46:11Z,82.6,26.7
2019-10-25T06:44:06Z,82.5,26.6
2019-10-26T06:43:21Z,82.1,26.5
2019-10-27T06:42:20Z,81.6,26.3
2019-10-28T06:40:21Z,81.5,26.3
2019-10-30T06:49:48Z,82.4,26.6
2019-10-31T06:53:31Z,82.6,26.7
2019-11-01T06:55:40Z,81.8,26.4
2019-11-02T06:25:18Z,82.4,26.6
2019-11-03T08:11:33Z,82.5,26.6
2019-11-04T06:34:00Z,82.5,26.6
2019-11-05T06:07:26Z,82.1,26.5
2019-11-06T06:49:48Z,82.5,26.6
2019-11-07T06:50:20Z,82.6,26.7
2019-11-08T06:50:34Z,82.3,26.6
2019-11-09T08:07:25Z,81.8,26.4
2019-11-10T07:43:30Z,82.7,26.7
2019-11-11T06:28:16Z,83.1,26.8
2019-11-12T06:48:08Z,83.1,26.8
2019-11-13T06:50:47Z,82.4,26.6
2019-11-14T06:50:14Z,81.4,26.3
2019-11-15T06:57:22Z,82,26.5
2019-11-18T06:56:46Z,83.4,26.9
2019-11-19T06:50:28Z,82,26.5
2019-11-20T06:58:05Z,82.6,26.7
2019-11-21T06:49:39Z,83,26
2019-11-22T07:02:37Z,82.3,26.6
2019-11-23T06:03:35Z,81.6,26.3
2019-11-24T07:47:53Z,82,26.5
2019-11-25T06:48:21Z,81.3,26.2
2019-11-26T06:51:17Z,82.7,26.7
2019-11-27T06:51:36Z,82.5,26.6
2019-11-28T06:44:22Z,83,26.8
2019-11-29T07:17:55Z,82.6,26.8
2019-11-30T08:08:46Z,82.2,26.5
2019-12-01T07:58:21Z,82.1,26.5
2019-12-02T06:53:23Z,79.4,25.6
2019-12-03T06:51:06Z,82.9,26.8
2019-12-04T06:53:57Z,82.5,26.6
2019-12-05T06:55:14Z,82.3,26.6
2019-12-06T06:57:06Z,82.8,26.8
2019-12-07T10:18:32Z,82.1,26.5
2019-12-08T09:33:13Z,82.2,26.5
2019-12-09T06:55:02Z,81.9,26.4
2019-12-10T06:53:55Z,82.3,26.6
2019-12-11T06:54:11Z,81.6,26.3
2019-12-12T06:49:39Z,81.9,26.4
2019-12-13T06:57:03Z,82.4,26.6
2019-12-14T06:55:10Z,81.9,26.4
2019-12-15T08:47:57Z,81.9,29
2019-12-16T06:54:31Z,82.5,26.6
2019-12-17T06:57:55Z,82.5,26.6
2019-12-18T07:00:10Z,82.5,26.6
2019-12-19T07:35:08Z,82.6,26.7
2019-12-20T06:56:39Z,83.1,26.8
2019-12-21T08:25:28Z,82.1,26.5
2019-12-22T07:35:56Z,82.3,26.6
2019-12-23T06:59:05Z,82.6,26.7
2019-12-24T06:58:01Z,82.5,26.6
2019-12-25T06:57:27Z,82.9,26.8
2019-12-30T09:00:52Z,82.5,26.6
2019-12-31T07:08:22Z,82.7,26.7
2020-01-01T08:12:31Z,83.3,26.7
2020-01-02T10:16:49Z,83.1,26.8
2020-01-03T09:51:00Z,83.2,26.9
2020-01-04T07:17:31Z,83.6,27
2020-01-05T08:58:26Z,82.9,28.7
2020-01-06T07:02:45Z,82.9,26.8
2020-01-07T06:52:43Z,82.7,26.7
2020-01-08T06:05:11Z,84,27.1
2020-01-09T06:52:02Z,84.6,27.3
2020-01-10T06:49:13Z,83.4,26.9
2020-01-11T05:31:28Z,84.3,27.2
2020-01-13T06:45:39Z,83.1,26.8
2020-01-14T06:52:37Z,82.1,30
2020-01-15T07:01:13Z,82.7,26.7
2020-01-16T06:41:45Z,82.9,26.8
2020-01-17T06:56:20Z,83.1,26.8
2020-01-18T07:50:23Z,83.7,27
2020-01-19T06:58:32Z,83.2,26.9
2020-01-20T06:54:57Z,83.6,27
2020-01-21T06:57:20Z,83.4,26.9
2020-01-22T06:34:11Z,83.2,26.9
2020-01-23T07:03:37Z,83.1,26.8
2020-01-24T06:56:07Z,83.7,27
2020-01-25T08:29:22Z,82.5,26.6
2020-01-26T07:56:54Z,82.9,26.8
2020-01-27T06:57:20Z,83,26.8
2020-01-28T06:32:46Z,82.6,26.7
2020-01-29T06:52:31Z,83.1,26.8
2020-01-30T06:55:23Z,83,26.8
2020-02-01T08:42:29Z,82.6,26.7
2020-02-02T07:59:49Z,83.2,26.9
2020-02-03T06:54:43Z,82.5,26.6
2020-02-04T06:30:03Z,82.3,26.6
2020-02-05T06:33:50Z,82.5,26.6
2020-02-06T06:55:01Z,81.3,26.2
2020-02-07T06:52:28Z,82.1,26.5
2020-02-08T08:04:46Z,83.5,27
2020-02-09T06:55:37Z,83.3,26.9
2020-02-10T06:49:18Z,82,26.5
2020-02-12T06:59:10Z,82.6,26.7
2020-02-13T06:54:23Z,82.8,26.7
2020-02-14T06:04:03Z,82.7,26.7
2020-02-15T07:46:10Z,82.7,26.7
2020-02-16T09:36:03Z,82.5,26.6
2020-02-17T06:52:12Z,83,26.8
2020-02-18T06:30:07Z,82.6,26.7
2020-02-19T06:51:57Z,82.9,26.8
2020-02-20T06:51:35Z,83.4,26.9
2020-02-21T06:42:13Z,82.7,26.7
2020-02-22T07:49:07Z,82.6,26.7
2020-02-26T06:43:45Z,83.1,26.8
2020-02-28T06:49:06Z,83.7,27
2020-02-29T09:10:32Z,83.3,26.9
2020-03-02T06:59:15Z,83.2,26.9
2020-03-03T06:54:11Z,83.2,26.9
2020-03-04T06:56:00Z,83.9,27.1
2020-03-05T06:59:06Z,83.5,27
2020-03-06T06:57:36Z,83.1,26.8
2020-03-07T07:30:30Z,83.9,27.1
2020-03-08T10:52:41Z,83.6,27
2020-03-09T06:53:32Z,84,27
2020-03-10T07:00:11Z,83.7,27
2020-03-11T06:58:36Z,83.4,26.9
2020-03-12T07:34:49Z,83.4,26.9
2020-03-13T07:15:12Z,83.6,27
2020-03-14T08:44:37Z,83.4,26.9
2020-03-15T10:37:44Z,83.1,26.9
2020-03-16T06:50:26Z,83.2,26.9
2020-03-17T06:58:41Z,83.3,26.9
2020-03-18T07:01:48Z,83.7,27
2020-03-19T06:58:10Z,83.5,27
2020-03-21T08:42:10Z,83.4,26.9
2020-03-22T09:57:40Z,83.3,26.9
2020-03-23T06:55:52Z,83.3,26.9
2020-03-24T06:59:32Z,83.5,27
2020-03-25T08:01:40Z,83.6,27
2020-03-26T07:51:58Z,83.8,27.1
2020-03-27T07:41:07Z,83.6,27
2020-03-28T10:24:16Z,82.9,26.3
2020-03-29T10:19:16Z,81.6,21.3
2020-03-30T06:54:02Z,82.8,26.8
2020-03-31T08:19:17Z,82.9,26.8
2020-04-01T06:36:41Z,83.6,27
2020-04-02T07:03:43Z,83.5,27
2020-04-03T07:55:13Z,83.3,26.9
2020-04-04T07:26:38Z,83.2,26.9
2020-04-05T08:50:18Z,82.8,26.7
2020-04-06T06:57:02Z,82.8,26.7
2020-04-07T06:59:10Z,83.6,27
2020-04-08T07:00:08Z,83.3,26.9
2020-04-09T06:59:16Z,84.1,27.2
2020-04-10T07:46:04Z,83.9,27.1
2020-04-11T08:52:39Z,83.5,27
2020-04-12T09:54:38Z,83.4,26.9
2020-04-13T06:54:22Z,83.6,27
2020-04-14T07:49:30Z,83.6,27
2020-04-15T07:29:29Z,83.8,27.1
2020-04-16T08:12:55Z,84,27.1
2020-04-17T08:14:53Z,83.9,27.1
2020-04-18T10:18:52Z,83.8,27.1
2020-04-19T10:51:50Z,82.7,26.7
2020-04-20T06:50:55Z,83.3,26.9
2020-04-21T08:18:32Z,83.5,27
2020-04-22T07:55:28Z,83.6,27
2020-04-23T07:57:51Z,84,27.1
2020-04-24T07:55:40Z,83.2,26.9
2020-04-25T10:22:15Z,83.4,26.9
2020-04-26T09:56:24Z,83.7,27
2020-04-27T06:53:03Z,83.2,26.99
2020-04-28T08:04:01Z,84.9,27.4
2020-04-29T07:56:07Z,83.7,27
2020-04-30T07:55:34Z,83.7,27
2020-05-01T06:00:50Z,83.2,26.9
2020-05-02T10:04:14Z,82.8,26.7
2020-05-03T10:38:12Z,82.2,26.7
2020-05-04T06:49:14Z,82.7,26.7
2020-05-05T07:38:15Z,83,26.7
2020-05-06T07:59:11Z,82.6,26.7
2020-05-07T07:44:09Z,83.2,26.9
2020-05-09T08:17:40Z,82.8,26.8
2020-05-10T09:29:50Z,83.7,27
2020-05-11T06:51:15Z,84,27.1
2020-05-12T06:58:31Z,82.6,26.7
2020-05-13T07:48:45Z,83,26
2020-05-14T07:44:31Z,83,26.8
2020-05-15T07:44:25Z,82.9,26.8
2020-05-16T08:31:39Z,83.4,26.9
2020-05-18T06:52:37Z,82.8,26.7
2020-05-19T08:00:10Z,82.9,26.8
2020-05-20T07:52:28Z,82.6,26.7
2020-05-21T07:54:09Z,83.4,26.9
2020-05-22T07:48:56Z,82.9,26.8
2020-05-23T07:38:05Z,82,26
2020-05-24T10:10:08Z,82.6,26.7
2020-05-25T06:56:45Z,83.1,26.8
2020-05-26T07:51:41Z,83.3,26.9
2020-05-27T07:47:51Z,82.9,26.8
2020-05-28T07:28:51Z,83.2,26.9
2020-05-29T07:48:14Z,83.3,26.9
2020-05-30T07:48:15Z,83.4,26.9
2020-05-31T09:46:20Z,83.6,27
2020-06-01T06:53:59Z,83.7,27
2020-06-02T07:41:04Z,83.2,26.9
2020-06-03T06:58:22Z,83.2,26.9
2020-06-04T06:59:01Z,83.5,27
2020-06-05T06:56:56Z,83.8,27.1
2020-06-06T09:44:02Z,83.4,26.9
2020-06-07T08:12:12Z,82.9,26.8
2020-06-08T06:55:53Z,82.8,26.7
2020-06-09T06:51:32Z,83.8,27.1
2020-06-10T07:09:49Z,82.9,26.8
2020-06-11T07:15:28Z,82.9,26.8
2020-06-12T06:50:23Z,82.9,26.8
2020-06-13T09:51:50Z,82.7,26.7
2020-06-14T09:56:48Z,82.8,26.8
2020-06-15T06:48:28Z,83.2,26.9
2020-06-16T06:56:35Z,83.3,26.8
2020-06-17T06:53:29Z,82.8,26.8
2020-06-18T06:50:31Z,83.3,26.9
2020-06-19T06:54:04Z,82.9,26.8
2020-06-20T07:57:29Z,83.3,26.9
2020-06-21T07:54:09Z,83.3,26.9
2020-06-22T06:50:12Z,83.5,27
2020-06-23T06:52:06Z,82.4,26.6
2020-06-24T06:50:48Z,83.1,26.8
2020-06-25T06:55:58Z,83.4,26.9
2020-06-26T06:48:18Z,84.2,27.2
2020-06-27T08:05:19Z,83.6,27
2020-06-28T11:08:57Z,83.1,26.8
2020-06-29T06:50:39Z,83.2,26.9
2020-06-30T06:51:21Z,82.9,26.8
2020-07-01T06:53:25Z,83.4,26.9
2020-07-02T06:48:57Z,83.4,26.9
2020-07-03T06:51:32Z,83.6,27
2020-07-04T07:39:35Z,83.5,27
2020-07-05T06:36:16Z,83.3,26.9
2020-07-06T06:51:56Z,83.3,26.9
2020-07-07T07:01:32Z,83.1,26.8
2020-07-08T06:30:41Z,83.6,27
2020-07-09T06:52:37Z,83,26.8
2020-07-10T06:34:11Z,83.8,27.1
2020-07-11T06:16:51Z,83.2,26.9
2020-07-12T07:35:43Z,83.8,27.1
2020-07-13T06:34:42Z,83.4,26.9
2020-07-14T06:12:13Z,83.8,27.1
2020-07-15T06:16:07Z,83.4,26.9
2020-07-16T06:34:09Z,83.6,27
2020-07-17T06:34:17Z,83.5,27
2020-07-18T07:48:51Z,83.3,26.9
2020-07-19T08:51:46Z,82.6,26.7
2020-07-20T06:34:18Z,83,26.8
2020-07-21T06:33:57Z,83.4,26.9
2020-07-22T06:30:21Z,82.7,26.7
2020-07-23T06:59:01Z,83,26.8
2020-07-24T08:12:33Z,82.8,26.7
2020-07-25T10:00:20Z,83,27.7
2020-07-26T08:05:45Z,82.9,27.7
2020-07-27T06:51:50Z,82.9,27.7
2020-07-28T06:47:07Z,83.5,27.9
2020-07-29T06:51:24Z,83.4,27.9
2020-07-31T06:44:03Z,82.8,27.7
2020-08-01T08:36:41Z,82.9,27.7
2020-08-02T09:35:12Z,83.3,27.8
2020-08-03T06:31:26Z,83.4,27.9
2020-08-04T06:41:57Z,83.4,27.9
2020-08-05T06:46:45Z,83.3,27.8
2020-08-06T08:21:47Z,83.2,27.8
2020-08-07T08:06:47Z,83.4,27.9
2020-08-08T08:10:00Z,83.3,27.8
2020-08-09T11:12:35Z,83.1,27.1
2020-08-10T06:52:27Z,83.8,28
2020-08-11T07:43:09Z,83.6,27.9
2020-08-12T09:46:45Z,82.8,27.7
2020-08-13T06:58:03Z,82.6,27.6
2020-08-14T07:44:15Z,83.6,27.9
2020-08-15T07:20:25Z,83.7,28
2020-08-16T11:25:07Z,83.8,28
2020-08-17T06:33:35Z,83.7,28
2020-08-18T06:35:01Z,83.2,27.8
2020-08-19T06:43:29Z,83.3,27.8
2020-08-20T06:55:23Z,83.3,27.8
2020-08-21T07:02:55Z,83.5,27.9
2020-08-22T08:11:33Z,83.3,27.8
2020-08-23T11:45:28Z,83.1,27.8
2020-08-24T06:53:42Z,82.9,27.7
2020-08-25T06:50:05Z,82.6,27.6
2020-08-26T06:53:36Z,83.5,27.9
2020-08-27T06:54:05Z,83.1,27.8
2020-08-28T06:57:42Z,83.7,28
2020-08-29T06:09:23Z,84.3,28.2
2020-08-30T09:39:18Z,83.5,27.9
2020-08-31T06:33:49Z,82.8,27.7
2020-09-01T06:34:02Z,83.1,27.8
2020-09-02T06:32:58Z,82.8,27.7
2020-09-03T06:33:56Z,83.5,27.9
2020-09-04T06:41:01Z,83.7,28
2020-09-05T08:08:42Z,83.1,27.8
2020-09-06T08:41:04Z,82.8,27.7
2020-09-07T06:33:55Z,82.8,27.7
2020-09-08T06:36:29Z,83.2,27.8
2020-09-09T06:37:16Z,83.4,27.9
2020-09-10T06:36:48Z,83.1,27.8
2020-09-11T06:34:54Z,83.1,27.8
2020-09-12T09:07:24Z,82.8,27.7
2020-09-13T09:39:43Z,83.1,27.8
2020-09-14T06:03:26Z,83.2,27.8
2020-09-15T06:02:25Z,83.9,28
2020-09-16T06:04:30Z,83.5,27.9
2020-09-17T05:40:09Z,83.1,27.8
2020-09-18T06:04:32Z,83.2,27.8
2020-09-19T10:36:20Z,83.1,27.8
2020-09-20T08:17:56Z,83.2,27.8
2020-09-21T06:48:50Z,83.1,27.8
2020-09-22T06:46:05Z,83.2,27.8
2020-09-23T06:20:19Z,83.2,27.8
2020-09-24T06:04:52Z,83.1,27.8
2020-09-25T06:05:30Z,82.9,27.7
2020-09-26T06:33:02Z,83.1,27.8
2020-09-27T09:36:39Z,83,27.7
2020-09-28T06:04:29Z,82.9,27.7
2020-09-29T06:14:06Z,84.2,28.1
2020-09-30T06:34:27Z,83.8,28
2020-10-01T06:15:59Z,83.6,27.9
2020-10-02T06:20:19Z,83.4,27.9
2020-10-03T08:40:30Z,82.7,27.6
2020-10-04T08:05:18Z,82.7,27.6
2020-10-05T06:12:40Z,83.4,27.9
2020-10-06T06:24:21Z,83.6,27.9
2020-10-07T06:18:01Z,83.6,27.9
2020-10-08T06:20:10Z,83.5,27.9
2020-10-09T06:15:34Z,83.8,28
2020-10-10T08:02:53Z,83.5,27.9
2020-10-11T09:57:27Z,83.3,27.8
2020-10-12T06:19:05Z,83.4,27.9
2020-10-13T06:17:29Z,82.7,27.6
2020-10-14T06:19:14Z,82.9,27.7
2020-10-14T06:32:39Z,82.7,27.6
2020-10-15T06:20:17Z,82.8,27.7
2020-10-16T06:20:06Z,83.6,27.9
2020-10-17T07:17:33Z,83.3,27.8
2020-10-18T08:54:29Z,84,28.1
2020-10-19T06:36:38Z,83.3,27.8
2020-10-20T06:37:20Z,83.3,27.8
2020-10-21T06:24:09Z,84,28.1
2020-10-22T06:47:19Z,84.1,28.1
2020-10-23T06:36:42Z,83.7,28
2020-10-24T07:43:14Z,83.7,28
2020-10-26T06:20:08Z,82.6,27.6
2020-10-27T06:20:55Z,82.8,27.7
2020-10-28T06:26:51Z,83.1,26.8
2020-10-29T06:08:54Z,83.1,27.6
2020-10-30T05:35:55Z,83.3,26.9
2020-10-31T05:45:45Z,83.2,26.9
2020-11-01T09:19:03Z,83.1,26.8
2020-11-02T06:20:03Z,83.1,26.8
2020-11-03T07:50:58Z,83.2,26.9
2020-11-04T06:10:44Z,83.3,26.9
2020-11-05T06:18:40Z,83.5,27
2020-11-06T06:10:07Z,83.3,26.9
2020-11-07T07:01:53Z,82.4,26.6
2020-11-08T07:19:41Z,83.5,27
2020-11-09T06:08:17Z,83.5,27
2020-11-10T06:19:48Z,83.3,26.9
2020-11-11T06:19:08Z,84.2,27.2
2020-11-12T06:48:55Z,83.7,27
2020-11-13T06:55:14Z,83.3,26.9
2020-11-15T08:21:43Z,82.9,26.8
2020-11-16T06:19:12Z,83,26.9
2020-11-17T06:45:36Z,83.2,26.9
2020-11-18T06:52:02Z,83.4,26.9
2020-11-19T06:36:50Z,83.1,26.8
2020-11-20T06:47:16Z,82.9,26.8
2020-11-21T07:02:00Z,83.3,26.9
2020-11-22T10:41:12Z,82.9,26.8
2020-11-23T06:50:57Z,82.9,26.8
2020-11-24T06:51:13Z,83.2,26.9
2020-11-25T06:49:46Z,84,27.1
2020-11-26T06:45:10Z,83.4,26.9
2020-11-27T06:31:40Z,83.8,27.1
2020-11-28T07:19:42Z,83,26.8
2020-11-29T08:13:42Z,83.4,26.9
2020-11-30T06:49:04Z,83.4,26.9
2020-12-01T06:48:17Z,83.5,27
2020-12-02T06:49:29Z,83.6,27
2020-12-03T06:28:36Z,83.3,26.9
2020-12-04T06:49:37Z,82.8,26.7
2020-12-05T07:28:40Z,83.8,27.1
2020-12-06T09:05:02Z,83.5,27
2020-12-07T06:49:38Z,83,26.8
2020-12-08T06:33:59Z,83.4,26.9
2020-12-09T06:40:52Z,83.4,26.9
2020-12-10T06:50:50Z,83.5,27
2020-12-11T06:31:45Z,82.6,26.7
2020-12-12T07:40:15Z,83.1,26.8
2020-12-13T07:53:30Z,83.5,27
2020-12-14T06:47:35Z,82.9,26.8
2020-12-15T06:52:37Z,83.2,26.9
2020-12-16T06:52:35Z,83.5,27
2020-12-17T06:57:33Z,83.9,27.1
2020-12-18T06:47:18Z,83.3,26.9
2020-12-19T08:14:09Z,82.8,26.8
2020-12-20T08:54:32Z,83.3,26.9
2020-12-21T06:56:01Z,83.2,26.9
2020-12-22T06:58:15Z,83,26.8
2020-12-23T06:55:33Z,82.8,26.7
2020-12-24T06:54:48Z,82.6,26.7
2020-12-25T06:45:25Z,82.7,26.7
2020-12-26T06:50:32Z,83,26.8
2020-12-27T07:49:33Z,82.7,26.7
2020-12-28T06:53:50Z,82.3,26.6
2020-12-30T09:17:04Z,82.7,26.7
2020-12-31T09:04:19Z,83.1,26.8
2021-01-01T08:14:17Z,83,26.8
2021-01-02T09:22:48Z,83.1,26.8
2021-01-03T10:21:00Z,82.7,26.7
2021-01-05T06:51:03Z,82.8,26.7
2021-01-06T07:00:28Z,82.8,26.7
2021-01-07T06:55:04Z,82.7,26.7
2021-01-08T06:56:22Z,82.6,26.7
2021-01-09T07:43:52Z,82.6,26.7
2021-01-10T09:51:35Z,82.5,26.6
2021-01-11T09:13:55Z,82.1,26.5
2021-01-12T06:49:43Z,82.1,26.5
2021-01-13T06:49:34Z,82.3,26.6
2021-01-14T06:54:54Z,82.2,26.5
2021-01-15T06:53:45Z,82.2,26.5
2021-01-16T07:20:13Z,82,26.5
2021-01-17T09:51:39Z,82.3,26.6
2021-01-18T06:48:50Z,81.8,26.4
2021-01-19T06:50:28Z,82.2,26.5
2021-01-20T06:49:28Z,82.2,26.5
2021-01-21T06:40:23Z,82.3,26.6
2021-01-22T06:53:42Z,81.6,26.3
2021-01-23T07:28:15Z,82.2,26.5
2021-01-24T07:52:25Z,81.9,26
2021-01-25T06:49:27Z,81.7,26.4
2021-01-26T06:44:14Z,81.3,26.2
2021-01-27T06:48:22Z,81.3,26.2
2021-01-28T06:37:03Z,81.9,26.4
2021-01-29T06:47:38Z,81.8,26.4
2021-01-30T06:57:11Z,81.7,26.4
2021-01-31T09:17:36Z,82.5,26.6
2021-02-01T06:46:50Z,82.6,26.7
2021-02-02T06:52:00Z,82,26.5
2021-02-03T06:52:31Z,82.2,26.5
2021-02-04T07:08:47Z,82.2,26.5
2021-02-05T06:36:35Z,82,26.5
2021-02-06T07:44:48Z,82,26.5
2021-02-07T09:37:26Z,81.8,26.4
2021-02-08T06:54:27Z,82.8,26.7
2021-02-09T06:57:25Z,81.8,26.4
2021-02-10T06:50:08Z,82.2,26.5
2021-02-11T07:12:28Z,82.6,26.7
2021-02-13T07:11:40Z,82.8,26.7
2021-02-14T08:11:15Z,82.4,26.6
2021-02-15T06:49:13Z,81.8,26.4
2021-02-16T06:51:00Z,82.9,26.8
2021-02-17T06:51:34Z,82.8,26.7
2021-02-18T06:44:10Z,82.6,26.7
2021-02-19T06:56:59Z,82.7,26.7
2021-02-20T07:00:22Z,82.4,26.6
2021-02-21T08:39:30Z,82.8,26.7
2021-02-22T06:41:46Z,83.3,26.9
2021-02-23T07:51:26Z,83.1,26.8
2021-02-25T06:48:53Z,82.9,26.8
2021-02-26T06:49:52Z,82.9,26.8
2021-02-27T08:14:14Z,83.4,26.9
2021-02-28T09:59:01Z,83,26.8
2021-03-01T06:57:58Z,83.3,26.9
2021-03-02T06:51:31Z,83.1,26.8
2021-03-03T06:49:43Z,82.9,26.8
2021-03-04T06:50:28Z,83,26.8
2021-03-05T06:54:06Z,83.4,26.9
2021-03-06T08:51:25Z,83.4,30
2021-03-07T09:34:23Z,83.3,26.9
2021-03-08T06:50:30Z,83.2,26.9
2021-03-09T06:56:25Z,82.8,26.7
2021-03-10T07:01:46Z,83,26.8
2021-03-11T06:56:33Z,83.1,26.8
2021-03-12T06:53:56Z,82.9,26.8
2021-03-13T08:15:24Z,83.3,26.9
2021-03-14T07:12:50Z,82.5,26.6
2021-03-15T06:52:25Z,82,26.5
2021-03-16T06:52:28Z,83.2,26.9
2021-03-17T06:40:53Z,83,26.8
2021-03-18T06:50:24Z,83.5,27
2021-03-19T06:53:26Z,83.5,27
2021-03-20T09:51:29Z,83.4,27
2021-03-21T09:50:23Z,82.8,26.7
2021-03-22T06:51:17Z,82.5,26.6
2021-03-23T06:54:14Z,83.4,26.9
2021-03-24T06:52:35Z,83.1,26.8
2021-03-25T06:50:28Z,83.3,26.9
2021-03-26T06:59:37Z,83.4,26.9
2021-03-27T08:37:58Z,83.4,26.9
2021-03-28T09:32:26Z,83.5,27
2021-03-29T06:51:19Z,83.5,27
2021-03-30T06:51:41Z,83.5,27
2021-04-01T07:02:38Z,84.5,27.3
2021-04-02T06:37:03Z,83.6,27
2021-04-03T07:33:12Z,84.1,27.2
2021-04-04T09:34:01Z,84.3,27.2
2021-04-05T06:51:53Z,84,27.1
2021-04-06T06:49:58Z,83.6,27
2021-04-07T06:46:54Z,84,27.1
2021-04-08T06:39:02Z,83.4,26.9
2021-04-09T06:33:34Z,84.1,27.2
2021-04-10T06:08:31Z,84.3,27.2
2021-04-11T08:37:20Z,83.4,26.9
2021-04-12T06:50:48Z,83.6,27
2021-04-13T06:53:43Z,83.5,27
2021-04-14T06:12:59Z,83.5,27
2021-04-15T06:29:31Z,83.8,27.1
2021-04-16T06:50:57Z,83.9,27.1
2021-04-17T07:52:16Z,83.7,27
2021-04-18T08:19:00Z,83.2,26.9
2021-04-19T06:47:08Z,84.2,27.2
2021-04-21T06:51:26Z,83.7,27
2021-04-22T06:21:48Z,84.6,27.3
2021-04-23T06:22:16Z,84.8,27.4
2021-04-24T08:08:25Z,84,27.1
2021-04-25T08:17:56Z,84.3,27.2
2021-04-26T06:22:40Z,84.6,27.3
2021-04-27T05:36:26Z,84.1,27.2
2021-04-27T18:31:53Z,82.6,26.7
2021-04-28T06:50:05Z,83.4,26.9
2021-04-28T16:22:49Z,82.3,26.6
2021-04-28T20:18:50Z,84,27.1
2021-04-29T06:59:59Z,82.7,26.7
2021-04-29T18:42:20Z,82.2,26.5
2021-04-30T06:47:45Z,82.8,26.7
2021-05-01T09:14:35Z,82.8,26.7
2021-05-01T18:10:00Z,81.5,26.3
2021-05-02T09:07:12Z,82.1,26.5
2021-05-02T17:25:47Z,82.3,26.6
2021-05-03T06:53:39Z,83.1,26.8
2021-05-03T17:59:41Z,82.2,26.5
2021-05-04T07:38:35Z,82.3,26.6
2021-05-04T18:27:31Z,81.6,26.3
2021-05-05T09:58:54Z,81.3,26.2
2021-05-05T17:02:54Z,81.3,26.2
2021-05-06T06:49:25Z,82.4,26.6
2021-05-06T19:07:49Z,82.1,26.5
2021-05-07T06:49:28Z,82.3,26.6
2021-05-08T06:50:18Z,82.1,26.5
2021-05-09T11:25:16Z,81.6,26.3
2021-05-10T06:51:08Z,81.4,26.3
2021-05-11T06:48:08Z,81.8,26.4
2021-05-12T07:47:53Z,81.6,26.3
2021-05-13T07:00:33Z,82.2,26.5
2021-05-14T07:27:04Z,82.7,26.7
2021-05-15T07:35:19Z,82.9,26.8
2021-05-19T07:23:57Z,82.1,26.5
2021-05-20T07:05:32Z,81.5,26.3
2021-05-21T07:16:56Z,81.3,26.2
2021-05-22T06:38:06Z,81.2,26.2
2021-05-23T06:50:57Z,80.6,26
2021-05-24T06:50:57Z,80.6,26
2021-05-25T06:48:24Z,80.1,25.9
2021-05-26T06:50:01Z,80.1,25.9
2021-05-27T06:46:34Z,79.6,25.7
2021-05-28T06:48:27Z,79.9,25.8
2021-05-29T07:50:22Z,79.2,25.6
2021-05-30T09:57:34Z,79.3,25.6
2021-05-31T06:18:28Z,79.7,25.7
2021-06-01T06:47:33Z,79.9,25.8
2021-06-02T06:33:19Z,79.4,25.6
2021-06-03T06:50:53Z,80,25.8
2021-06-04T06:48:39Z,79.8,25.8
2021-06-05T11:07:39Z,78.9,25.5
2021-06-06T10:00:49Z,79.4,25.6
2021-06-07T06:44:47Z,79.8,25.8
2021-06-08T06:55:12Z,79.3,25.6
2021-06-09T07:00:46Z,79.2,25.6
2021-06-10T06:42:42Z,79.2,25.6
2021-06-11T06:55:36Z,78.8,25.4
2021-06-12T08:11:13Z,79.1,25.5
2021-06-13T09:57:33Z,78.2,25.2
2021-06-14T06:49:03Z,79.2,25.6
2021-06-15T06:49:21Z,79.5,25.7
2021-06-16T06:50:58Z,79.1,25.5
2021-06-17T06:49:59Z,78.9,25.5
2021-06-18T06:58:19Z,79,25.5
2021-06-19T09:03:56Z,78.8,25.4
2021-06-20T09:01:36Z,79.4,25.6
2021-06-21T06:48:54Z,78.1,25.2
2021-06-22T06:49:37Z,78.5,25.3
2021-06-23T06:49:46Z,78.4,25.3
2021-06-24T06:51:22Z,78.9,25.5
2021-06-25T06:50:56Z,78.4,25.3
2021-06-26T07:19:17Z,78.6,25.4
2021-06-27T09:52:53Z,78.6,25.4
2021-06-28T06:49:07Z,79.3,25.6
2021-06-29T06:45:15Z,79,25.5
2021-06-30T06:49:12Z,79.2,25.6
2021-07-01T06:40:26Z,78.6,25.4
2021-07-02T06:48:22Z,79.6,25.7
2021-07-03T06:54:04Z,78.9,25.5
2021-07-04T08:32:11Z,78.9,25.5
2021-07-05T06:46:23Z,79.4,25.6
2021-07-06T06:47:53Z,79.2,25.6
2021-07-07T05:36:16Z,78.5,25.3
2021-07-08T06:44:56Z,78.8,25.4
2021-07-09T06:49:41Z,79,25.5
2021-07-10T08:17:29Z,78.4,25.8
2021-07-11T09:26:41Z,78,25.2
2021-07-12T06:48:42Z,78.4,25.3
2021-07-13T06:50:46Z,78.7,25.4
2021-07-14T06:36:15Z,78.1,25.2
2021-07-15T06:37:03Z,78.7,25.4
2021-07-16T06:51:38Z,78.4,25.3
2021-07-17T07:03:34Z,78.3,25.3
2021-07-18T08:44:06Z,78.3,25.3
2021-07-19T06:50:04Z,78.7,25.4
2021-07-20T06:51:12Z,78.4,25.3
2021-07-21T07:57:47Z,77.9,25.1
2021-07-22T06:43:24Z,78.3,25.3
2021-07-23T04:34:07Z,78.3,25.3
2021-07-25T06:00:35Z,78.4,25.3
2021-07-26T06:43:55Z,78.4,25.3
2021-07-27T07:06:01Z,79,25.5
2021-07-28T07:21:10Z,79,25.5
2021-07-29T07:04:25Z,78.3,25.3
2021-07-30T07:48:22Z,78.3,25.3
2021-07-31T08:28:52Z,77.9,25.1
2021-08-01T07:07:30Z,78,25.2
2021-08-02T06:50:17Z,77.9,25.1
2021-08-03T06:57:19Z,78.1,25.2
2021-08-04T07:50:29Z,78.1,25.2
2021-08-05T07:39:27Z,78.4,25.3
2021-08-06T06:10:07Z,79.1,25.5
2021-08-07T08:32:16Z,78.4,25.3
2021-08-08T09:47:57Z,78.3,25.3
2021-08-09T06:36:20Z,78.7,25.4
2021-08-10T07:48:43Z,77.5,25
2021-08-11T08:18:24Z,79,25.5
2021-08-12T07:40:25Z,78.4,25.3
2021-08-13T07:23:14Z,78.6,25.4
2021-08-14T07:59:10Z,78.5,25.3
2021-08-15T08:12:08Z,78.2,25.2
2021-08-16T06:57:33Z,78,25.2
2021-08-17T07:41:03Z,77.5,25
2021-08-18T07:49:23Z,78,25.2
2021-08-19T07:53:14Z,78,25.2
2021-08-20T07:50:29Z,77.8,25.1
2021-08-21T08:20:47Z,77.8,25.1
2021-08-22T09:59:32Z,78.4,25.3
2021-08-23T07:45:05Z,79,25.5
2021-08-24T07:33:31Z,77.7,25.1
2021-08-25T07:50:08Z,77.9,25.1
2021-08-26T07:49:12Z,78.8,25.4
2021-08-27T06:19:48Z,78.3,25.3
2021-08-28T09:24:50Z,78.4,25.3
2021-08-29T09:42:44Z,78.6,25.4
2021-08-30T07:21:12Z,78.7,25.4
2021-08-31T06:27:09Z,78.7,25.4
2021-09-01T06:52:11Z,78.6,25.4
2021-09-02T06:56:53Z,78.9,25
2021-09-03T06:54:46Z,79.2,25.6
2021-09-04T07:59:54Z,78.4,25.3
2021-09-05T09:10:25Z,78.7,25.4
2021-09-06T06:49:09Z,78.9,25.5
2021-09-07T06:53:37Z,78.4,25.3
2021-09-08T06:58:53Z,77.8,25.1
2021-09-09T06:55:28Z,78.7,25.4
2021-09-10T06:51:08Z,78.8,25.4
2021-09-11T08:15:24Z,78.6,25.4
2021-09-12T08:09:32Z,78.5,25.3
2021-09-13T06:55:45Z,78.6,25.4
2021-09-14T06:53:58Z,78.6,25.4
2021-09-15T06:59:33Z,78.9,25.5
2021-09-16T06:59:59Z,79.5,25.7
2021-09-17T07:02:07Z,79.1,25.5
2021-09-18T07:03:08Z,78.7,25.4
2021-09-19T07:05:03Z,78.4,25.3
2021-09-20T06:58:05Z,78.6,25.4
2021-09-21T07:00:42Z,78.6,25.4
2021-09-22T06:51:56Z,78.3,25.3
2021-09-23T07:53:17Z,78.9,25.5
2021-09-24T06:54:24Z,78.9,25.5
2021-09-25T06:50:16Z,78.4,25.3
2021-09-26T09:38:01Z,78.8,25.4
2021-09-27T06:29:12Z,78.7,25.4
2021-09-28T06:53:04Z,78.9,25.5
2021-09-29T06:56:41Z,79.3,25.6
2021-09-30T06:58:44Z,78.9,25.5
2021-10-01T06:54:30Z,79.2,25.6
2021-10-02T08:25:37Z,78.7,25.4
2021-10-03T08:31:23Z,78.9,25.5
2021-10-04T06:52:53Z,79.2,25.6
2021-10-05T06:54:00Z,79.1,25.5
2021-10-06T06:56:10Z,79,25.5
2021-10-07T06:56:25Z,79.3,25.6
2021-10-08T06:56:20Z,79.8,25.8
2021-10-09T08:06:52Z,79.7,25.7
2021-10-10T07:55:30Z,79.7,25.7
2021-10-11T06:49:01Z,79.4,25.6
2021-10-12T06:50:21Z,78.6,25.4
2021-10-13T06:35:03Z,79.5,25.7
2021-10-14T06:53:15Z,79.6,25.7
2021-10-15T06:13:38Z,79.7,25.7
2021-10-16T07:39:42Z,79.9,25.8
2021-10-17T08:25:22Z,79.6,25.7
2021-10-18T06:24:13Z,78.7,25.4
2021-10-19T06:03:32Z,78.3,25.3
2021-10-20T06:03:26Z,79.2,25.6
2021-10-21T06:05:18Z,79.3,25.6
2021-10-22T06:03:41Z,79.6,25.7
2021-10-23T07:09:34Z,81.7,26.4
2021-10-24T08:08:55Z,80.4,26
2021-10-24T17:22:26Z,79.3,25.6
2021-10-25T06:04:20Z,80.3,26.5
2021-10-26T06:22:37Z,80.6,26
2021-10-27T06:03:36Z,79.4,25.6
2021-10-28T06:50:15Z,78.8,25.4
2021-10-29T06:04:16Z,79.4,25.6
2021-10-30T07:10:41Z,79.8,25.8
2021-10-31T09:56:03Z,80.1,25.4
2021-11-01T06:51:08Z,79.5,25.7
2021-11-02T06:05:04Z,79.4,25.6
2021-11-04T06:03:03Z,79.6,25.7
2021-11-05T06:04:02Z,79.9,25.8
2021-11-06T06:33:11Z,79.8,25.8
2021-11-07T09:16:26Z,80.2,25.9
2021-11-08T06:04:21Z,80.9,26.1
2021-11-09T06:04:40Z,81,26.1
2021-11-10T06:05:09Z,80.5,26
2021-11-11T06:04:25Z,80.8,26.1
2021-11-12T06:10:34Z,81.1,26.2
2021-11-13T07:03:55Z,80.7,26.1
2021-11-14T07:53:51Z,80.9,26.1
2021-11-15T06:04:17Z,81.2,26.2
2021-11-16T06:06:18Z,81,26.1
2021-11-17T06:05:57Z,81.3,26.2
2021-11-18T06:03:52Z,80.2,25.9
2021-11-19T06:03:04Z,80.8,26.1
2021-11-20T07:02:08Z,81,26
2021-11-21T06:36:05Z,81.1,26.2
2021-11-22T06:04:23Z,81.6,26.3
2021-11-23T07:34:59Z,82.2,26.5
2021-11-24T06:07:46Z,82.1,26.5
2021-11-25T06:04:41Z,80.9,26.1
2021-11-26T05:31:19Z,81.2,26.2
2021-11-27T06:59:07Z,81.8,26.4
2021-11-28T09:05:22Z,81.9,26.1
2021-11-29T06:06:00Z,82.3,26.6
2021-11-30T06:06:02Z,82.1,26.5
2021-12-01T06:06:00Z,82.5,26.6
2021-12-02T06:04:20Z,82,26.5
2021-12-03T06:06:52Z,82.1,26.5
2021-12-04T07:31:40Z,81.8,26.4
2021-12-05T08:34:11Z,82.4,26.6
2021-12-06T06:33:33Z,82.3,26.6
